text,intent,language,source,quality_status,split,tool,primary_role,allowed_roles,permission_required,entity_hints,style,requires_tool,requires_confirmation,security_class
রাহুলের পড়াশোনার অগ্রগতি কেমন?,ACADEMIC_PERFORMANCE,Bengali,clean_seed_or_one_step_variant,needs_native_review,train,get_academic_performance,STUDENT,PARENT|STUDENT|TEACHER,YES,PERSON,short,YES,NO,READ
দয়া করে রাহুলের পড়াশোনার অগ্রগতি কেমন?,ACADEMIC_PERFORMANCE,Bengali,clean_seed_or_one_step_variant,needs_native_review,train,get_academic_performance,STUDENT,PARENT|STUDENT|TEACHER,YES,PERSON,natural_query,YES,NO,READ
দয়া করে দয়া করে রাহুলের পড়াশোনার অগ্রগতি কেমন?,ACADEMIC_PERFORMANCE,Bengali,clean_seed_or_one_step_variant,needs_native_review,train,get_academic_performance,STUDENT,PARENT|STUDENT|TEACHER,YES,PERSON,natural_query,YES,NO,READ
দয়া করে দয়া করে দয়া করে রাহুলের পড়াশোনার অগ্রগতি কেমন?,ACADEMIC_PERFORMANCE,Bengali,clean_seed_or_one_step_variant,needs_native_review,validation,get_academic_performance,STUDENT,PARENT|STUDENT|TEACHER,YES,PERSON,natural_query,YES,NO,READ
দয়া করে দয়া করে দয়া করে দয়া করে রাহুলের পড়াশোনার অগ্রগতি কেমন?,ACADEMIC_PERFORMANCE,Bengali,clean_seed_or_one_step_variant,needs_native_review,test,get_academic_performance,STUDENT,PARENT|STUDENT|TEACHER,YES,PERSON,natural_query,YES,NO,READ
স্কুলের সাম্প্রতিক ঘোষণা দেখান।,ANNOUNCEMENT,Bengali,clean_seed_or_one_step_variant,needs_native_review,test,get_announcements,PARENT,PARENT|PRINCIPAL|STUDENT|TEACHER,YES,NONE,short,YES,NO,READ
দয়া করে স্কুলের সাম্প্রতিক ঘোষণা দেখান।,ANNOUNCEMENT,Bengali,clean_seed_or_one_step_variant,needs_native_review,train,get_announcements,PARENT,PARENT|PRINCIPAL|STUDENT|TEACHER,YES,NONE,natural_query,YES,NO,READ
দয়া করে দয়া করে স্কুলের সাম্প্রতিক ঘোষণা দেখান।,ANNOUNCEMENT,Bengali,clean_seed_or_one_step_variant,needs_native_review,train,get_announcements,PARENT,PARENT|PRINCIPAL|STUDENT|TEACHER,YES,NONE,natural_query,YES,NO,READ
দয়া করে দয়া করে দয়া করে স্কুলের সাম্প্রতিক ঘোষণা দেখান।,ANNOUNCEMENT,Bengali,clean_seed_or_one_step_variant,needs_native_review,validation,get_announcements,PARENT,PARENT|PRINCIPAL|STUDENT|TEACHER,YES,NONE,natural_query,YES,NO,READ
দয়া করে দয়া করে দয়া করে দয়া করে স্কুলের সাম্প্রতিক ঘোষণা দেখান।,ANNOUNCEMENT,Bengali,clean_seed_or_one_step_variant,needs_native_review,train,get_announcements,PARENT,PARENT|PRINCIPAL|STUDENT|TEACHER,YES,NONE,natural_query,YES,NO,READ
রাহুল কি তার অ্যাসাইনমেন্ট জমা দিয়েছে?,ASSIGNMENT,Bengali,clean_seed_or_one_step_variant,needs_native_review,train,get_assignments,STUDENT,PARENT|STUDENT|TEACHER,YES,PERSON,natural_query,YES,NO,READ
দয়া করে রাহুল কি তার অ্যাসাইনমেন্ট জমা দিয়েছে?,ASSIGNMENT,Bengali,clean_seed_or_one_step_variant,needs_native_review,validation,get_assignments,STUDENT,PARENT|STUDENT|TEACHER,YES,PERSON,natural_query,YES,NO,READ
দয়া করে দয়া করে রাহুল কি তার অ্যাসাইনমেন্ট জমা দিয়েছে?,ASSIGNMENT,Bengali,clean_seed_or_one_step_variant,needs_native_review,test,get_assignments,STUDENT,PARENT|STUDENT|TEACHER,YES,PERSON,natural_query,YES,NO,READ
দয়া করে দয়া করে দয়া করে রাহুল কি তার অ্যাসাইনমেন্ট জমা দিয়েছে?,ASSIGNMENT,Bengali,clean_seed_or_one_step_variant,needs_native_review,train,get_assignments,STUDENT,PARENT|STUDENT|TEACHER,YES,PERSON,natural_query,YES,NO,READ
দয়া করে দয়া করে দয়া করে দয়া করে রাহুল কি তার অ্যাসাইনমেন্ট জমা দিয়েছে?,ASSIGNMENT,Bengali,clean_seed_or_one_step_variant,needs_native_review,train,get_assignments,STUDENT,PARENT|STUDENT|TEACHER,YES,PERSON,natural_query,YES,NO,READ
গত মাসে রাহুলের উপস্থিতি কত ছিল?,ATTENDANCE_HISTORY,Bengali,clean_seed_or_one_step_variant,needs_native_review,train,get_attendance_history,STUDENT,PARENT|PRINCIPAL|STUDENT|TEACHER,YES,PERSON|DATE|ATTENDANCE_CONTEXT,natural_query,YES,NO,READ
দয়া করে গত মাসে রাহুলের উপস্থিতি কত ছিল?,ATTENDANCE_HISTORY,Bengali,clean_seed_or_one_step_variant,needs_native_review,train,get_attendance_history,STUDENT,PARENT|PRINCIPAL|STUDENT|TEACHER,YES,PERSON|DATE|ATTENDANCE_CONTEXT,natural_query,YES,NO,READ
দয়া করে দয়া করে গত মাসে রাহুলের উপস্থিতি কত ছিল?,ATTENDANCE_HISTORY,Bengali,clean_seed_or_one_step_variant,needs_native_review,validation,get_attendance_history,STUDENT,PARENT|PRINCIPAL|STUDENT|TEACHER,YES,PERSON|DATE|ATTENDANCE_CONTEXT,natural_query,YES,NO,READ
দয়া করে দয়া করে দয়া করে গত মাসে রাহুলের উপস্থিতি কত ছিল?,ATTENDANCE_HISTORY,Bengali,clean_seed_or_one_step_variant,needs_native_review,test,get_attendance_history,STUDENT,PARENT|PRINCIPAL|STUDENT|TEACHER,YES,PERSON|DATE|ATTENDANCE_CONTEXT,natural_query,YES,NO,READ
দয়া করে দয়া করে দয়া করে দয়া করে গত মাসে রাহুলের উপস্থিতি কত ছিল?,ATTENDANCE_HISTORY,Bengali,clean_seed_or_one_step_variant,needs_native_review,train,get_attendance_history,STUDENT,PARENT|PRINCIPAL|STUDENT|TEACHER,YES,PERSON|DATE|ATTENDANCE_CONTEXT,natural_query,YES,NO,READ
আমার সন্তানের উপস্থিতির হার কত?,CHILD_ATTENDANCE,Bengali,clean_seed_or_one_step_variant,needs_native_review,validation,get_child_attendance,PARENT,PARENT|PRINCIPAL|TEACHER,YES,ATTENDANCE_CONTEXT,short,YES,NO,READ
রাহুলের অ্যাটেনডেন্স দেখতে পারবেন?,CHILD_ATTENDANCE,Bengali,clean_seed_or_one_step_variant,needs_native_review,train,get_child_attendance,PARENT,PARENT|PRINCIPAL|TEACHER,YES,PERSON|ATTENDANCE_CONTEXT,short,YES,NO,READ
আমার ছেলের উপস্থিতি কেমন?,CHILD_ATTENDANCE,Bengali,clean_seed_or_one_step_variant,needs_native_review,train,get_child_attendance,PARENT,PARENT|PRINCIPAL|TEACHER,YES,ATTENDANCE_CONTEXT,short,YES,NO,READ
দয়া করে আমার সন্তানের উপস্থিতির হার কত?,CHILD_ATTENDANCE,Bengali,clean_seed_or_one_step_variant,needs_native_review,train,get_child_attendance,PARENT,PARENT|PRINCIPAL|TEACHER,YES,ATTENDANCE_CONTEXT,natural_query,YES,NO,READ
দয়া করে রাহুলের অ্যাটেনডেন্স দেখতে পারবেন?,CHILD_ATTENDANCE,Bengali,clean_seed_or_one_step_variant,needs_native_review,test,get_child_attendance,PARENT,PARENT|PRINCIPAL|TEACHER,YES,PERSON|ATTENDANCE_CONTEXT,natural_query,YES,NO,READ
আমি আমার সন্তানের শিক্ষকের সঙ্গে কথা বলতে চাই।,ESCALATION,Bengali,clean_seed_or_one_step_variant,needs_native_review,train,create_escalation_request,PARENT,PARENT|PRINCIPAL|STUDENT|TEACHER,YES,NONE,natural_query,YES,YES,ACTION
আমাকে শিক্ষকের সঙ্গে যোগাযোগ করিয়ে দিন।,ESCALATION,Bengali,clean_seed_or_one_step_variant,needs_native_review,validation,create_escalation_request,PARENT,PARENT|PRINCIPAL|STUDENT|TEACHER,YES,NONE,natural_query,YES,YES,ACTION
আমাকে স্কুল কর্তৃপক্ষের সঙ্গে যোগাযোগ করতে হবে।,ESCALATION,Bengali,clean_seed_or_one_step_variant,needs_native_review,train,create_escalation_request,PARENT,PARENT|PRINCIPAL|STUDENT|TEACHER,YES,NONE,natural_query,YES,YES,ACTION
দয়া করে আমি আমার সন্তানের শিক্ষকের সঙ্গে কথা বলতে চাই।,ESCALATION,Bengali,clean_seed_or_one_step_variant,needs_native_review,train,create_escalation_request,PARENT,PARENT|PRINCIPAL|STUDENT|TEACHER,YES,NONE,natural_query,YES,YES,ACTION
দয়া করে আমাকে শিক্ষকের সঙ্গে যোগাযোগ করিয়ে দিন।,ESCALATION,Bengali,clean_seed_or_one_step_variant,needs_native_review,test,create_escalation_request,PARENT,PARENT|PRINCIPAL|STUDENT|TEACHER,YES,NONE,natural_query,YES,YES,ACTION
আমার গণিত পরীক্ষা কবে?,EXAM,Bengali,clean_seed_or_one_step_variant,needs_native_review,train,get_exams,STUDENT,PARENT|STUDENT|TEACHER,YES,NONE,short,YES,NO,READ
আসন্ন পরীক্ষা কী কী?,EXAM,Bengali,clean_seed_or_one_step_variant,needs_native_review,train,get_exams,STUDENT,PARENT|STUDENT|TEACHER,YES,NONE,short,YES,NO,READ
পরীক্ষার সময়সূচি বলুন।,EXAM,Bengali,clean_seed_or_one_step_variant,needs_native_review,test,get_exams,STUDENT,PARENT|STUDENT|TEACHER,YES,NONE,short,YES,NO,READ
দয়া করে আমার গণিত পরীক্ষা কবে?,EXAM,Bengali,clean_seed_or_one_step_variant,needs_native_review,train,get_exams,STUDENT,PARENT|STUDENT|TEACHER,YES,NONE,natural_query,YES,NO,READ
দয়া করে আসন্ন পরীক্ষা কী কী?,EXAM,Bengali,clean_seed_or_one_step_variant,needs_native_review,validation,get_exams,STUDENT,PARENT|STUDENT|TEACHER,YES,NONE,natural_query,YES,NO,READ
আমার সন্তানের ফি-এর অবস্থা দেখান।,FEES,Bengali,clean_seed_or_one_step_variant,needs_native_review,train,get_fees,PARENT,PARENT|PRINCIPAL|STUDENT,YES,NONE,short,YES,NO,READ
দয়া করে আমার সন্তানের ফি-এর অবস্থা দেখান।,FEES,Bengali,clean_seed_or_one_step_variant,needs_native_review,train,get_fees,PARENT,PARENT|PRINCIPAL|STUDENT,YES,NONE,natural_query,YES,NO,READ
দয়া করে দয়া করে আমার সন্তানের ফি-এর অবস্থা দেখান।,FEES,Bengali,clean_seed_or_one_step_variant,needs_native_review,train,get_fees,PARENT,PARENT|PRINCIPAL|STUDENT,YES,NONE,natural_query,YES,NO,READ
দয়া করে দয়া করে দয়া করে আমার সন্তানের ফি-এর অবস্থা দেখান।,FEES,Bengali,clean_seed_or_one_step_variant,needs_native_review,validation,get_fees,PARENT,PARENT|PRINCIPAL|STUDENT,YES,NONE,natural_query,YES,NO,READ
দয়া করে দয়া করে দয়া করে দয়া করে আমার সন্তানের ফি-এর অবস্থা দেখান।,FEES,Bengali,clean_seed_or_one_step_variant,needs_native_review,test,get_fees,PARENT,PARENT|PRINCIPAL|STUDENT,YES,NONE,natural_query,YES,NO,READ
আপনি কীভাবে আমাকে সাহায্য করতে পারেন?,GENERAL_HELP,Bengali,clean_seed_or_one_step_variant,needs_native_review,train,none,STUDENT,PARENT|PRINCIPAL|STUDENT|TEACHER,NO,NONE,natural_query,NO,NO,READ
দয়া করে আপনি কীভাবে আমাকে সাহায্য করতে পারেন?,GENERAL_HELP,Bengali,clean_seed_or_one_step_variant,needs_native_review,test,none,STUDENT,PARENT|PRINCIPAL|STUDENT|TEACHER,NO,NONE,natural_query,NO,NO,READ
দয়া করে দয়া করে আপনি কীভাবে আমাকে সাহায্য করতে পারেন?,GENERAL_HELP,Bengali,clean_seed_or_one_step_variant,needs_native_review,train,none,STUDENT,PARENT|PRINCIPAL|STUDENT|TEACHER,NO,NONE,natural_query,NO,NO,READ
দয়া করে দয়া করে দয়া করে আপনি কীভাবে আমাকে সাহায্য করতে পারেন?,GENERAL_HELP,Bengali,clean_seed_or_one_step_variant,needs_native_review,validation,none,STUDENT,PARENT|PRINCIPAL|STUDENT|TEACHER,NO,NONE,natural_query,NO,NO,READ
দয়া করে দয়া করে দয়া করে দয়া করে আপনি কীভাবে আমাকে সাহায্য করতে পারেন?,GENERAL_HELP,Bengali,clean_seed_or_one_step_variant,needs_native_review,train,none,STUDENT,PARENT|PRINCIPAL|STUDENT|TEACHER,NO,NONE,natural_query,NO,NO,READ
নমস্কার,GREETING,Bengali,clean_seed_or_one_step_variant,needs_native_review,train,none,STUDENT,PARENT|PRINCIPAL|STUDENT|TEACHER,NO,NONE,short,NO,NO,READ
দয়া করে নমস্কার,GREETING,Bengali,clean_seed_or_one_step_variant,needs_native_review,train,none,STUDENT,PARENT|PRINCIPAL|STUDENT|TEACHER,NO,NONE,short,NO,NO,READ
দয়া করে দয়া করে নমস্কার,GREETING,Bengali,clean_seed_or_one_step_variant,needs_native_review,test,none,STUDENT,PARENT|PRINCIPAL|STUDENT|TEACHER,NO,NONE,short,NO,NO,READ
দয়া করে দয়া করে দয়া করে নমস্কার,GREETING,Bengali,clean_seed_or_one_step_variant,needs_native_review,train,none,STUDENT,PARENT|PRINCIPAL|STUDENT|TEACHER,NO,NONE,natural_query,NO,NO,READ
দয়া করে দয়া করে দয়া করে দয়া করে নমস্কার,GREETING,Bengali,clean_seed_or_one_step_variant,needs_native_review,validation,none,STUDENT,PARENT|PRINCIPAL|STUDENT|TEACHER,NO,NONE,natural_query,NO,NO,READ
রাহুলের জন্য আগামীকালের ছুটি চাইতে পারি?,LEAVE,Bengali,clean_seed_or_one_step_variant,needs_native_review,train,leave_service,PARENT,PARENT|STUDENT,YES,PERSON,natural_query,YES,YES,ACTION
দয়া করে রাহুলের জন্য আগামীকালের ছুটি চাইতে পারি?,LEAVE,Bengali,clean_seed_or_one_step_variant,needs_native_review,test,leave_service,PARENT,PARENT|STUDENT,YES,PERSON,natural_query,YES,YES,ACTION
দয়া করে দয়া করে রাহুলের জন্য আগামীকালের ছুটি চাইতে পারি?,LEAVE,Bengali,clean_seed_or_one_step_variant,needs_native_review,train,leave_service,PARENT,PARENT|STUDENT,YES,PERSON,natural_query,YES,YES,ACTION
দয়া করে দয়া করে দয়া করে রাহুলের জন্য আগামীকালের ছুটি চাইতে পারি?,LEAVE,Bengali,clean_seed_or_one_step_variant,needs_native_review,validation,leave_service,PARENT,PARENT|STUDENT,YES,PERSON,natural_query,YES,YES,ACTION
দয়া করে দয়া করে দয়া করে দয়া করে রাহুলের জন্য আগামীকালের ছুটি চাইতে পারি?,LEAVE,Bengali,clean_seed_or_one_step_variant,needs_native_review,train,leave_service,PARENT,PARENT|STUDENT,YES,PERSON,natural_query,YES,YES,ACTION
রাহুলকে আজ অনুপস্থিত হিসেবে নথিভুক্ত করুন।,MARK_ATTENDANCE,Bengali,clean_seed_or_one_step_variant,needs_native_review,train,mark_attendance,TEACHER,TEACHER,YES,ATTENDANCE_CONTEXT,natural_query,YES,YES,ACTION
দয়া করে রাহুলকে আজ অনুপস্থিত হিসেবে নথিভুক্ত করুন।,MARK_ATTENDANCE,Bengali,clean_seed_or_one_step_variant,needs_native_review,validation,mark_attendance,TEACHER,TEACHER,YES,ATTENDANCE_CONTEXT,natural_query,YES,YES,ACTION
দয়া করে দয়া করে রাহুলকে আজ অনুপস্থিত হিসেবে নথিভুক্ত করুন।,MARK_ATTENDANCE,Bengali,clean_seed_or_one_step_variant,needs_native_review,test,mark_attendance,TEACHER,TEACHER,YES,ATTENDANCE_CONTEXT,natural_query,YES,YES,ACTION
দয়া করে দয়া করে দয়া করে রাহুলকে আজ অনুপস্থিত হিসেবে নথিভুক্ত করুন।,MARK_ATTENDANCE,Bengali,clean_seed_or_one_step_variant,needs_native_review,train,mark_attendance,TEACHER,TEACHER,YES,ATTENDANCE_CONTEXT,natural_query,YES,YES,ACTION
দয়া করে দয়া করে দয়া করে দয়া করে রাহুলকে আজ অনুপস্থিত হিসেবে নথিভুক্ত করুন।,MARK_ATTENDANCE,Bengali,clean_seed_or_one_step_variant,needs_native_review,train,mark_attendance,TEACHER,TEACHER,YES,ATTENDANCE_CONTEXT,natural_query,YES,YES,ACTION
আমার কলেজের অ্যাসাইনমেন্ট লিখে দিন।,OUT_OF_SCOPE,Bengali,clean_seed_or_one_step_variant,needs_native_review,validation,blocked,STUDENT,PARENT|PRINCIPAL|STUDENT|TEACHER,NO,NONE,short,NO,NO,BLOCK
দয়া করে আমার কলেজের অ্যাসাইনমেন্ট লিখে দিন।,OUT_OF_SCOPE,Bengali,clean_seed_or_one_step_variant,needs_native_review,train,blocked,STUDENT,PARENT|PRINCIPAL|STUDENT|TEACHER,NO,NONE,natural_query,NO,NO,BLOCK
দয়া করে দয়া করে আমার কলেজের অ্যাসাইনমেন্ট লিখে দিন।,OUT_OF_SCOPE,Bengali,clean_seed_or_one_step_variant,needs_native_review,test,blocked,STUDENT,PARENT|PRINCIPAL|STUDENT|TEACHER,NO,NONE,natural_query,NO,NO,BLOCK
দয়া করে দয়া করে দয়া করে আমার কলেজের অ্যাসাইনমেন্ট লিখে দিন।,OUT_OF_SCOPE,Bengali,clean_seed_or_one_step_variant,needs_native_review,train,blocked,STUDENT,PARENT|PRINCIPAL|STUDENT|TEACHER,NO,NONE,natural_query,NO,NO,BLOCK
দয়া করে দয়া করে দয়া করে দয়া করে আমার কলেজের অ্যাসাইনমেন্ট লিখে দিন।,OUT_OF_SCOPE,Bengali,clean_seed_or_one_step_variant,needs_native_review,train,blocked,STUDENT,PARENT|PRINCIPAL|STUDENT|TEACHER,NO,NONE,natural_query,NO,NO,BLOCK
আমার উপস্থিতির হার কত?,OWN_ATTENDANCE,Bengali,clean_seed_or_one_step_variant,needs_native_review,validation,get_my_attendance,STUDENT,PARENT|PRINCIPAL|STUDENT|TEACHER,YES,ATTENDANCE_CONTEXT,short,YES,NO,READ
আমার অ্যাটেনডেন্স কত শতাংশ?,OWN_ATTENDANCE,Bengali,clean_seed_or_one_step_variant,needs_native_review,train,get_my_attendance,STUDENT,PARENT|PRINCIPAL|STUDENT|TEACHER,YES,ATTENDANCE_CONTEXT,short,YES,NO,READ
আমার উপস্থিতি পরীক্ষা করে দিতে পারবেন?,OWN_ATTENDANCE,Bengali,clean_seed_or_one_step_variant,needs_native_review,train,get_my_attendance,STUDENT,PARENT|PRINCIPAL|STUDENT|TEACHER,YES,ATTENDANCE_CONTEXT,natural_query,YES,NO,READ
দয়া করে আমার উপস্থিতির হার কত?,OWN_ATTENDANCE,Bengali,clean_seed_or_one_step_variant,needs_native_review,train,get_my_attendance,STUDENT,PARENT|PRINCIPAL|STUDENT|TEACHER,YES,ATTENDANCE_CONTEXT,natural_query,YES,NO,READ
দয়া করে আমার অ্যাটেনডেন্স কত শতাংশ?,OWN_ATTENDANCE,Bengali,clean_seed_or_one_step_variant,needs_native_review,test,get_my_attendance,STUDENT,PARENT|PRINCIPAL|STUDENT|TEACHER,YES,ATTENDANCE_CONTEXT,natural_query,YES,NO,READ
পুরো স্কুলের উপস্থিতির রিপোর্ট দেখান।,SCHOOL_ANALYTICS,Bengali,clean_seed_or_one_step_variant,needs_native_review,test,get_school_analytics,PRINCIPAL,PRINCIPAL,YES,ATTENDANCE_CONTEXT,short,YES,NO,READ
দয়া করে পুরো স্কুলের উপস্থিতির রিপোর্ট দেখান।,SCHOOL_ANALYTICS,Bengali,clean_seed_or_one_step_variant,needs_native_review,train,get_school_analytics,PRINCIPAL,PRINCIPAL,YES,ATTENDANCE_CONTEXT,natural_query,YES,NO,READ
দয়া করে দয়া করে পুরো স্কুলের উপস্থিতির রিপোর্ট দেখান।,SCHOOL_ANALYTICS,Bengali,clean_seed_or_one_step_variant,needs_native_review,validation,get_school_analytics,PRINCIPAL,PRINCIPAL,YES,ATTENDANCE_CONTEXT,natural_query,YES,NO,READ
দয়া করে দয়া করে দয়া করে পুরো স্কুলের উপস্থিতির রিপোর্ট দেখান।,SCHOOL_ANALYTICS,Bengali,clean_seed_or_one_step_variant,needs_native_review,train,get_school_analytics,PRINCIPAL,PRINCIPAL,YES,ATTENDANCE_CONTEXT,natural_query,YES,NO,READ
দয়া করে দয়া করে দয়া করে দয়া করে পুরো স্কুলের উপস্থিতির রিপোর্ট দেখান।,SCHOOL_ANALYTICS,Bengali,clean_seed_or_one_step_variant,needs_native_review,train,get_school_analytics,PRINCIPAL,PRINCIPAL,YES,ATTENDANCE_CONTEXT,natural_query,YES,NO,READ
আগামীকাল রাহুলের ক্লাসের সময়সূচি কী?,TIMETABLE,Bengali,clean_seed_or_one_step_variant,needs_native_review,validation,get_timetable,STUDENT,PARENT|STUDENT|TEACHER,YES,PERSON,short,YES,NO,READ
আমার সময়সূচি দেখান।,TIMETABLE,Bengali,clean_seed_or_one_step_variant,needs_native_review,train,get_timetable,STUDENT,PARENT|STUDENT|TEACHER,YES,NONE,short,YES,NO,READ
দয়া করে আগামীকাল রাহুলের ক্লাসের সময়সূচি কী?,TIMETABLE,Bengali,clean_seed_or_one_step_variant,needs_native_review,test,get_timetable,STUDENT,PARENT|STUDENT|TEACHER,YES,PERSON,natural_query,YES,NO,READ
দয়া করে আমার সময়সূচি দেখান।,TIMETABLE,Bengali,clean_seed_or_one_step_variant,needs_native_review,train,get_timetable,STUDENT,PARENT|STUDENT|TEACHER,YES,NONE,short,YES,NO,READ
দয়া করে দয়া করে আগামীকাল রাহুলের ক্লাসের সময়সূচি কী?,TIMETABLE,Bengali,clean_seed_or_one_step_variant,needs_native_review,train,get_timetable,STUDENT,PARENT|STUDENT|TEACHER,YES,PERSON,natural_query,YES,NO,READ
How is Rahul doing academically?,ACADEMIC_PERFORMANCE,English,clean_seed_or_one_step_variant,needs_native_review,validation,get_academic_performance,STUDENT,PARENT|STUDENT|TEACHER,YES,PERSON,short,YES,NO,READ
Show my grades.,ACADEMIC_PERFORMANCE,English,clean_seed_or_one_step_variant,needs_native_review,train,get_academic_performance,STUDENT,PARENT|STUDENT|TEACHER,YES,NONE,short_or_statement,YES,NO,READ
How are my child's marks?,ACADEMIC_PERFORMANCE,English,clean_seed_or_one_step_variant,needs_native_review,train,get_academic_performance,STUDENT,PARENT|STUDENT|TEACHER,YES,NONE,short,YES,NO,READ
What subjects am I weak in?,ACADEMIC_PERFORMANCE,English,clean_seed_or_one_step_variant,needs_native_review,train,get_academic_performance,STUDENT,PARENT|STUDENT|TEACHER,YES,NONE,natural_query,YES,NO,READ
Give me an academic performance summary.,ACADEMIC_PERFORMANCE,English,clean_seed_or_one_step_variant,needs_native_review,test,get_academic_performance,STUDENT,PARENT|STUDENT|TEACHER,YES,NONE,short_or_statement,YES,NO,READ
Are there any new school announcements?,ANNOUNCEMENT,English,clean_seed_or_one_step_variant,needs_native_review,train,get_announcements,PARENT,PARENT|PRINCIPAL|STUDENT|TEACHER,YES,NONE,natural_query,YES,NO,READ
What did the school announce today?,ANNOUNCEMENT,English,clean_seed_or_one_step_variant,needs_native_review,test,get_announcements,PARENT,PARENT|PRINCIPAL|STUDENT|TEACHER,YES,DATE,natural_query,YES,NO,READ
Show me recent notices.,ANNOUNCEMENT,English,clean_seed_or_one_step_variant,needs_native_review,train,get_announcements,PARENT,PARENT|PRINCIPAL|STUDENT|TEACHER,YES,NONE,short_or_statement,YES,NO,READ
Is there any important school update?,ANNOUNCEMENT,English,clean_seed_or_one_step_variant,needs_native_review,train,get_announcements,PARENT,PARENT|PRINCIPAL|STUDENT|TEACHER,YES,NONE,natural_query,YES,NO,READ
Did the school publish anything new?,ANNOUNCEMENT,English,clean_seed_or_one_step_variant,needs_native_review,validation,get_announcements,PARENT,PARENT|PRINCIPAL|STUDENT|TEACHER,YES,NONE,natural_query,YES,NO,READ
Did Rahul submit his assignment?,ASSIGNMENT,English,clean_seed_or_one_step_variant,needs_native_review,train,get_assignments,STUDENT,PARENT|STUDENT|TEACHER,YES,PERSON,short,YES,NO,READ
Which assignments are pending?,ASSIGNMENT,English,clean_seed_or_one_step_variant,needs_native_review,validation,get_assignments,STUDENT,PARENT|STUDENT|TEACHER,YES,NONE,short,YES,NO,READ
Show my recent assignments.,ASSIGNMENT,English,clean_seed_or_one_step_variant,needs_native_review,train,get_assignments,STUDENT,PARENT|STUDENT|TEACHER,YES,NONE,short_or_statement,YES,NO,READ
Has my child submitted the homework?,ASSIGNMENT,English,clean_seed_or_one_step_variant,needs_native_review,test,get_assignments,STUDENT,PARENT|STUDENT|TEACHER,YES,NONE,natural_query,YES,NO,READ
What assignments are due?,ASSIGNMENT,English,clean_seed_or_one_step_variant,needs_native_review,train,get_assignments,STUDENT,PARENT|STUDENT|TEACHER,YES,NONE,short,YES,NO,READ
What was Rahul's attendance last month?,ATTENDANCE_HISTORY,English,clean_seed_or_one_step_variant,needs_native_review,validation,get_attendance_history,STUDENT,PARENT|PRINCIPAL|STUDENT|TEACHER,YES,PERSON|DATE|ATTENDANCE_CONTEXT,natural_query,YES,NO,READ
Show me his recent attendance.,ATTENDANCE_HISTORY,English,clean_seed_or_one_step_variant,needs_native_review,test,get_attendance_history,STUDENT,PARENT|PRINCIPAL|STUDENT|TEACHER,YES,ATTENDANCE_CONTEXT,short_or_statement,YES,NO,READ
Which days was Rahul absent?,ATTENDANCE_HISTORY,English,clean_seed_or_one_step_variant,needs_native_review,train,get_attendance_history,STUDENT,PARENT|PRINCIPAL|STUDENT|TEACHER,YES,PERSON|ATTENDANCE_CONTEXT,short,YES,NO,READ
Can you show the attendance history?,ATTENDANCE_HISTORY,English,clean_seed_or_one_step_variant,needs_native_review,train,get_attendance_history,STUDENT,PARENT|PRINCIPAL|STUDENT|TEACHER,YES,ATTENDANCE_CONTEXT,polite_request,YES,NO,READ
How many days was she absent this month?,ATTENDANCE_HISTORY,English,clean_seed_or_one_step_variant,needs_native_review,train,get_attendance_history,STUDENT,PARENT|PRINCIPAL|STUDENT|TEACHER,YES,DATE|ATTENDANCE_CONTEXT,natural_query,YES,NO,READ
How much attendance does my child have?,CHILD_ATTENDANCE,English,clean_seed_or_one_step_variant,needs_native_review,train,get_child_attendance,PARENT,PARENT|PRINCIPAL|TEACHER,YES,ATTENDANCE_CONTEXT,natural_query,YES,NO,READ
Can you check Rahul's attendance?,CHILD_ATTENDANCE,English,clean_seed_or_one_step_variant,needs_native_review,train,get_child_attendance,PARENT,PARENT|PRINCIPAL|TEACHER,YES,PERSON|ATTENDANCE_CONTEXT,short,YES,NO,READ
What is my daughter's attendance percentage?,CHILD_ATTENDANCE,English,clean_seed_or_one_step_variant,needs_native_review,validation,get_child_attendance,PARENT,PARENT|PRINCIPAL|TEACHER,YES,ATTENDANCE_CONTEXT,natural_query,YES,NO,READ
How has my son's attendance been?,CHILD_ATTENDANCE,English,clean_seed_or_one_step_variant,needs_native_review,train,get_child_attendance,PARENT,PARENT|PRINCIPAL|TEACHER,YES,ATTENDANCE_CONTEXT,natural_query,YES,NO,READ
Show me my child's attendance.,CHILD_ATTENDANCE,English,clean_seed_or_one_step_variant,needs_native_review,test,get_child_attendance,PARENT,PARENT|PRINCIPAL|TEACHER,YES,ATTENDANCE_CONTEXT,short_or_statement,YES,NO,READ
I want to talk to my child's teacher.,ESCALATION,English,clean_seed_or_one_step_variant,needs_native_review,validation,create_escalation_request,PARENT,PARENT|PRINCIPAL|STUDENT|TEACHER,YES,NONE,short_or_statement,YES,YES,ACTION
Connect me with the teacher.,ESCALATION,English,clean_seed_or_one_step_variant,needs_native_review,train,create_escalation_request,PARENT,PARENT|PRINCIPAL|STUDENT|TEACHER,YES,NONE,short_or_statement,YES,YES,ACTION
I need to contact school management.,ESCALATION,English,clean_seed_or_one_step_variant,needs_native_review,train,create_escalation_request,PARENT,PARENT|PRINCIPAL|STUDENT|TEACHER,YES,NONE,short_or_statement,YES,YES,ACTION
Please request a call from the teacher.,ESCALATION,English,clean_seed_or_one_step_variant,needs_native_review,test,create_escalation_request,PARENT,PARENT|PRINCIPAL|STUDENT|TEACHER,YES,NONE,short_or_statement,YES,YES,ACTION
"I am not satisfied, I want human help.",ESCALATION,English,clean_seed_or_one_step_variant,needs_native_review,train,create_escalation_request,PARENT,PARENT|PRINCIPAL|STUDENT|TEACHER,YES,NONE,short_or_statement,YES,YES,ACTION
When is my maths exam?,EXAM,English,clean_seed_or_one_step_variant,needs_native_review,test,get_exams,STUDENT,PARENT|STUDENT|TEACHER,YES,NONE,short,YES,NO,READ
What exams are coming up?,EXAM,English,clean_seed_or_one_step_variant,needs_native_review,train,get_exams,STUDENT,PARENT|STUDENT|TEACHER,YES,NONE,short,YES,NO,READ
Show Rahul's upcoming exams.,EXAM,English,clean_seed_or_one_step_variant,needs_native_review,validation,get_exams,STUDENT,PARENT|STUDENT|TEACHER,YES,PERSON,short_or_statement,YES,NO,READ
When is the science test?,EXAM,English,clean_seed_or_one_step_variant,needs_native_review,train,get_exams,STUDENT,PARENT|STUDENT|TEACHER,YES,NONE,short,YES,NO,READ
Tell me the exam schedule.,EXAM,English,clean_seed_or_one_step_variant,needs_native_review,train,get_exams,STUDENT,PARENT|STUDENT|TEACHER,YES,NONE,short_or_statement,YES,NO,READ
Do I have any pending fees?,FEES,English,clean_seed_or_one_step_variant,needs_native_review,test,get_fees,PARENT,PARENT|PRINCIPAL|STUDENT,YES,NONE,natural_query,YES,NO,READ
What fees are due?,FEES,English,clean_seed_or_one_step_variant,needs_native_review,train,get_fees,PARENT,PARENT|PRINCIPAL|STUDENT,YES,NONE,short,YES,NO,READ
Show my child's fee status.,FEES,English,clean_seed_or_one_step_variant,needs_native_review,train,get_fees,PARENT,PARENT|PRINCIPAL|STUDENT,YES,NONE,short_or_statement,YES,NO,READ
When is the next fee payment due?,FEES,English,clean_seed_or_one_step_variant,needs_native_review,validation,get_fees,PARENT,PARENT|PRINCIPAL|STUDENT,YES,NONE,natural_query,YES,NO,READ
Can you check outstanding fees?,FEES,English,clean_seed_or_one_step_variant,needs_native_review,train,get_fees,PARENT,PARENT|PRINCIPAL|STUDENT,YES,NONE,short,YES,NO,READ
What can you help me with?,GENERAL_HELP,English,clean_seed_or_one_step_variant,needs_native_review,validation,none,STUDENT,PARENT|PRINCIPAL|STUDENT|TEACHER,NO,NONE,polite_request,NO,NO,READ
How does this assistant work?,GENERAL_HELP,English,clean_seed_or_one_step_variant,needs_native_review,train,none,STUDENT,PARENT|PRINCIPAL|STUDENT|TEACHER,NO,NONE,short,NO,NO,READ
Help me use the school assistant.,GENERAL_HELP,English,clean_seed_or_one_step_variant,needs_native_review,train,none,STUDENT,PARENT|PRINCIPAL|STUDENT|TEACHER,NO,NONE,short_or_statement,NO,NO,READ
What services can you provide?,GENERAL_HELP,English,clean_seed_or_one_step_variant,needs_native_review,test,none,STUDENT,PARENT|PRINCIPAL|STUDENT|TEACHER,NO,NONE,short,NO,NO,READ
What can I ask you?,GENERAL_HELP,English,clean_seed_or_one_step_variant,needs_native_review,train,none,STUDENT,PARENT|PRINCIPAL|STUDENT|TEACHER,NO,NONE,short,NO,NO,READ
Hello,GREETING,English,clean_seed_or_one_step_variant,needs_native_review,train,none,STUDENT,PARENT|PRINCIPAL|STUDENT|TEACHER,NO,NONE,short_or_statement,NO,NO,READ
Hi,GREETING,English,clean_seed_or_one_step_variant,needs_native_review,train,none,STUDENT,PARENT|PRINCIPAL|STUDENT|TEACHER,NO,NONE,short_or_statement,NO,NO,READ
Good morning,GREETING,English,clean_seed_or_one_step_variant,needs_native_review,test,none,STUDENT,PARENT|PRINCIPAL|STUDENT|TEACHER,NO,NONE,short_or_statement,NO,NO,READ
Hey there,GREETING,English,clean_seed_or_one_step_variant,needs_native_review,validation,none,STUDENT,PARENT|PRINCIPAL|STUDENT|TEACHER,NO,NONE,short_or_statement,NO,NO,READ
Good evening,GREETING,English,clean_seed_or_one_step_variant,needs_native_review,train,none,STUDENT,PARENT|PRINCIPAL|STUDENT|TEACHER,NO,NONE,short_or_statement,NO,NO,READ
How do I apply for leave?,LEAVE,English,clean_seed_or_one_step_variant,needs_native_review,train,leave_service,PARENT,PARENT|STUDENT,YES,NONE,natural_query,YES,YES,ACTION
What is the school's leave policy?,LEAVE,English,clean_seed_or_one_step_variant,needs_native_review,train,leave_service,PARENT,PARENT|STUDENT,YES,NONE,natural_query,YES,YES,ACTION
Can I request leave for Rahul tomorrow?,LEAVE,English,clean_seed_or_one_step_variant,needs_native_review,train,leave_service,PARENT,PARENT|STUDENT,YES,PERSON|DATE,natural_query,YES,YES,ACTION
How many leave days are available?,LEAVE,English,clean_seed_or_one_step_variant,needs_native_review,test,leave_service,PARENT,PARENT|STUDENT,YES,NONE,natural_query,YES,YES,ACTION
I need to apply for leave.,LEAVE,English,clean_seed_or_one_step_variant,needs_native_review,validation,leave_service,PARENT,PARENT|STUDENT,YES,NONE,short_or_statement,YES,YES,ACTION
Mark Rahul absent today.,MARK_ATTENDANCE,English,clean_seed_or_one_step_variant,needs_native_review,train,mark_attendance,TEACHER,TEACHER,YES,PERSON|DATE|ATTENDANCE_CONTEXT,short_or_statement,YES,YES,ACTION
"Rahul was not in class, mark him absent.",MARK_ATTENDANCE,English,clean_seed_or_one_step_variant,needs_native_review,train,mark_attendance,TEACHER,TEACHER,YES,PERSON|ATTENDANCE_CONTEXT,short_or_statement,YES,YES,ACTION
Please record an absence for Rahul.,MARK_ATTENDANCE,English,clean_seed_or_one_step_variant,needs_native_review,test,mark_attendance,TEACHER,TEACHER,YES,PERSON|ATTENDANCE_CONTEXT,short_or_statement,YES,YES,ACTION
Set Rahul's attendance to absent for today.,MARK_ATTENDANCE,English,clean_seed_or_one_step_variant,needs_native_review,validation,mark_attendance,TEACHER,TEACHER,YES,PERSON|DATE|ATTENDANCE_CONTEXT,short_or_statement,YES,YES,ACTION
Mark this student present instead.,MARK_ATTENDANCE,English,clean_seed_or_one_step_variant,needs_native_review,train,mark_attendance,TEACHER,TEACHER,YES,ATTENDANCE_CONTEXT,short_or_statement,YES,YES,ACTION
Book me a flight to Mumbai.,OUT_OF_SCOPE,English,clean_seed_or_one_step_variant,needs_native_review,train,blocked,STUDENT,PARENT|PRINCIPAL|STUDENT|TEACHER,NO,NONE,short_or_statement,NO,NO,BLOCK
What's the stock price of Apple?,OUT_OF_SCOPE,English,clean_seed_or_one_step_variant,needs_native_review,train,blocked,STUDENT,PARENT|PRINCIPAL|STUDENT|TEACHER,NO,NONE,natural_query,NO,NO,BLOCK
Write my college assignment.,OUT_OF_SCOPE,English,clean_seed_or_one_step_variant,needs_native_review,validation,blocked,STUDENT,PARENT|PRINCIPAL|STUDENT|TEACHER,NO,NONE,short_or_statement,NO,NO,BLOCK
Tell me a joke.,OUT_OF_SCOPE,English,clean_seed_or_one_step_variant,needs_native_review,train,blocked,STUDENT,PARENT|PRINCIPAL|STUDENT|TEACHER,NO,NONE,short_or_statement,NO,NO,BLOCK
What is the weather on Mars?,OUT_OF_SCOPE,English,clean_seed_or_one_step_variant,needs_native_review,test,blocked,STUDENT,PARENT|PRINCIPAL|STUDENT|TEACHER,NO,NONE,natural_query,NO,NO,BLOCK
What is my attendance?,OWN_ATTENDANCE,English,clean_seed_or_one_step_variant,needs_native_review,train,get_my_attendance,STUDENT,PARENT|PRINCIPAL|STUDENT|TEACHER,YES,ATTENDANCE_CONTEXT,short,YES,NO,READ
How much attendance do I have?,OWN_ATTENDANCE,English,clean_seed_or_one_step_variant,needs_native_review,validation,get_my_attendance,STUDENT,PARENT|PRINCIPAL|STUDENT|TEACHER,YES,ATTENDANCE_CONTEXT,natural_query,YES,NO,READ
Can you check my attendance percentage?,OWN_ATTENDANCE,English,clean_seed_or_one_step_variant,needs_native_review,test,get_my_attendance,STUDENT,PARENT|PRINCIPAL|STUDENT|TEACHER,YES,ATTENDANCE_CONTEXT,polite_request,YES,NO,READ
How many classes have I attended?,OWN_ATTENDANCE,English,clean_seed_or_one_step_variant,needs_native_review,train,get_my_attendance,STUDENT,PARENT|PRINCIPAL|STUDENT|TEACHER,YES,ATTENDANCE_CONTEXT,natural_query,YES,NO,READ
Tell me my attendance for this term.,OWN_ATTENDANCE,English,clean_seed_or_one_step_variant,needs_native_review,train,get_my_attendance,STUDENT,PARENT|PRINCIPAL|STUDENT|TEACHER,YES,ATTENDANCE_CONTEXT,short_or_statement,YES,NO,READ
What is the overall school attendance?,SCHOOL_ANALYTICS,English,clean_seed_or_one_step_variant,needs_native_review,train,get_school_analytics,PRINCIPAL,PRINCIPAL,YES,ATTENDANCE_CONTEXT,natural_query,YES,NO,READ
How is attendance across the school?,SCHOOL_ANALYTICS,English,clean_seed_or_one_step_variant,needs_native_review,train,get_school_analytics,PRINCIPAL,PRINCIPAL,YES,ATTENDANCE_CONTEXT,natural_query,YES,NO,READ
Which class has the lowest attendance?,SCHOOL_ANALYTICS,English,clean_seed_or_one_step_variant,needs_native_review,validation,get_school_analytics,PRINCIPAL,PRINCIPAL,YES,ATTENDANCE_CONTEXT,natural_query,YES,NO,READ
Give me the school attendance analytics.,SCHOOL_ANALYTICS,English,clean_seed_or_one_step_variant,needs_native_review,test,get_school_analytics,PRINCIPAL,PRINCIPAL,YES,ATTENDANCE_CONTEXT,short_or_statement,YES,NO,READ
Show school-wide attendance trends.,SCHOOL_ANALYTICS,English,clean_seed_or_one_step_variant,needs_native_review,train,get_school_analytics,PRINCIPAL,PRINCIPAL,YES,ATTENDANCE_CONTEXT,short_or_statement,YES,NO,READ
What is Rahul's timetable tomorrow?,TIMETABLE,English,clean_seed_or_one_step_variant,needs_native_review,train,get_timetable,STUDENT,PARENT|STUDENT|TEACHER,YES,PERSON|DATE,short,YES,NO,READ
What classes do I have tomorrow?,TIMETABLE,English,clean_seed_or_one_step_variant,needs_native_review,train,get_timetable,STUDENT,PARENT|STUDENT|TEACHER,YES,DATE,natural_query,YES,NO,READ
Show my timetable.,TIMETABLE,English,clean_seed_or_one_step_variant,needs_native_review,test,get_timetable,STUDENT,PARENT|STUDENT|TEACHER,YES,NONE,short_or_statement,YES,NO,READ
When is the next maths class?,TIMETABLE,English,clean_seed_or_one_step_variant,needs_native_review,train,get_timetable,STUDENT,PARENT|STUDENT|TEACHER,YES,NONE,natural_query,YES,NO,READ
Which subject is in period three?,TIMETABLE,English,clean_seed_or_one_step_variant,needs_native_review,validation,get_timetable,STUDENT,PARENT|STUDENT|TEACHER,YES,NONE,natural_query,YES,NO,READ
રાહુલની શૈક્ષણિક પ્રગતિ કેવી છે?,ACADEMIC_PERFORMANCE,Gujarati,clean_seed_or_one_step_variant,needs_native_review,train,get_academic_performance,STUDENT,PARENT|STUDENT|TEACHER,YES,NONE,short,YES,NO,READ
કૃપા કરીને રાહુલની શૈક્ષણિક પ્રગતિ કેવી છે?,ACADEMIC_PERFORMANCE,Gujarati,clean_seed_or_one_step_variant,needs_native_review,test,get_academic_performance,STUDENT,PARENT|STUDENT|TEACHER,YES,NONE,natural_query,YES,NO,READ
કૃપા કરીને કૃપા કરીને રાહુલની શૈક્ષણિક પ્રગતિ કેવી છે?,ACADEMIC_PERFORMANCE,Gujarati,clean_seed_or_one_step_variant,needs_native_review,train,get_academic_performance,STUDENT,PARENT|STUDENT|TEACHER,YES,NONE,natural_query,YES,NO,READ
કૃપા કરીને કૃપા કરીને કૃપા કરીને રાહુલની શૈક્ષણિક પ્રગતિ કેવી છે?,ACADEMIC_PERFORMANCE,Gujarati,clean_seed_or_one_step_variant,needs_native_review,validation,get_academic_performance,STUDENT,PARENT|STUDENT|TEACHER,YES,NONE,natural_query,YES,NO,READ
કૃપા કરીને કૃપા કરીને કૃપા કરીને કૃપા કરીને રાહુલની શૈક્ષણિક પ્રગતિ કેવી છે?,ACADEMIC_PERFORMANCE,Gujarati,clean_seed_or_one_step_variant,needs_native_review,train,get_academic_performance,STUDENT,PARENT|STUDENT|TEACHER,YES,NONE,natural_query,YES,NO,READ
શાળાની તાજેતરની જાહેરાતો બતાવો.,ANNOUNCEMENT,Gujarati,clean_seed_or_one_step_variant,needs_native_review,test,get_announcements,PARENT,PARENT|PRINCIPAL|STUDENT|TEACHER,YES,NONE,short,YES,NO,READ
કૃપા કરીને શાળાની તાજેતરની જાહેરાતો બતાવો.,ANNOUNCEMENT,Gujarati,clean_seed_or_one_step_variant,needs_native_review,train,get_announcements,PARENT,PARENT|PRINCIPAL|STUDENT|TEACHER,YES,NONE,natural_query,YES,NO,READ
કૃપા કરીને કૃપા કરીને શાળાની તાજેતરની જાહેરાતો બતાવો.,ANNOUNCEMENT,Gujarati,clean_seed_or_one_step_variant,needs_native_review,train,get_announcements,PARENT,PARENT|PRINCIPAL|STUDENT|TEACHER,YES,NONE,natural_query,YES,NO,READ
કૃપા કરીને કૃપા કરીને કૃપા કરીને શાળાની તાજેતરની જાહેરાતો બતાવો.,ANNOUNCEMENT,Gujarati,clean_seed_or_one_step_variant,needs_native_review,train,get_announcements,PARENT,PARENT|PRINCIPAL|STUDENT|TEACHER,YES,NONE,natural_query,YES,NO,READ
કૃપા કરીને કૃપા કરીને કૃપા કરીને કૃપા કરીને શાળાની તાજેતરની જાહેરાતો બતાવો.,ANNOUNCEMENT,Gujarati,clean_seed_or_one_step_variant,needs_native_review,validation,get_announcements,PARENT,PARENT|PRINCIPAL|STUDENT|TEACHER,YES,NONE,natural_query,YES,NO,READ
રાહુલે તેનું અસાઇનમેન્ટ સબમિટ કર્યું છે?,ASSIGNMENT,Gujarati,clean_seed_or_one_step_variant,needs_native_review,test,get_assignments,STUDENT,PARENT|STUDENT|TEACHER,YES,NONE,natural_query,YES,NO,READ
કૃપા કરીને રાહુલે તેનું અસાઇનમેન્ટ સબમિટ કર્યું છે?,ASSIGNMENT,Gujarati,clean_seed_or_one_step_variant,needs_native_review,validation,get_assignments,STUDENT,PARENT|STUDENT|TEACHER,YES,NONE,natural_query,YES,NO,READ
કૃપા કરીને કૃપા કરીને રાહુલે તેનું અસાઇનમેન્ટ સબમિટ કર્યું છે?,ASSIGNMENT,Gujarati,clean_seed_or_one_step_variant,needs_native_review,train,get_assignments,STUDENT,PARENT|STUDENT|TEACHER,YES,NONE,natural_query,YES,NO,READ
કૃપા કરીને કૃપા કરીને કૃપા કરીને રાહુલે તેનું અસાઇનમેન્ટ સબમિટ કર્યું છે?,ASSIGNMENT,Gujarati,clean_seed_or_one_step_variant,needs_native_review,train,get_assignments,STUDENT,PARENT|STUDENT|TEACHER,YES,NONE,natural_query,YES,NO,READ
કૃપા કરીને કૃપા કરીને કૃપા કરીને કૃપા કરીને રાહુલે તેનું અસાઇનમેન્ટ સબમિટ કર્યું છે?,ASSIGNMENT,Gujarati,clean_seed_or_one_step_variant,needs_native_review,train,get_assignments,STUDENT,PARENT|STUDENT|TEACHER,YES,NONE,natural_query,YES,NO,READ
ગયા મહિને રાહુલની હાજરી કેટલી હતી?,ATTENDANCE_HISTORY,Gujarati,clean_seed_or_one_step_variant,needs_native_review,validation,get_attendance_history,STUDENT,PARENT|PRINCIPAL|STUDENT|TEACHER,YES,ATTENDANCE_CONTEXT,natural_query,YES,NO,READ
કૃપા કરીને ગયા મહિને રાહુલની હાજરી કેટલી હતી?,ATTENDANCE_HISTORY,Gujarati,clean_seed_or_one_step_variant,needs_native_review,test,get_attendance_history,STUDENT,PARENT|PRINCIPAL|STUDENT|TEACHER,YES,ATTENDANCE_CONTEXT,natural_query,YES,NO,READ
કૃપા કરીને કૃપા કરીને ગયા મહિને રાહુલની હાજરી કેટલી હતી?,ATTENDANCE_HISTORY,Gujarati,clean_seed_or_one_step_variant,needs_native_review,train,get_attendance_history,STUDENT,PARENT|PRINCIPAL|STUDENT|TEACHER,YES,ATTENDANCE_CONTEXT,natural_query,YES,NO,READ
કૃપા કરીને કૃપા કરીને કૃપા કરીને ગયા મહિને રાહુલની હાજરી કેટલી હતી?,ATTENDANCE_HISTORY,Gujarati,clean_seed_or_one_step_variant,needs_native_review,train,get_attendance_history,STUDENT,PARENT|PRINCIPAL|STUDENT|TEACHER,YES,ATTENDANCE_CONTEXT,natural_query,YES,NO,READ
કૃપા કરીને કૃપા કરીને કૃપા કરીને કૃપા કરીને ગયા મહિને રાહુલની હાજરી કેટલી હતી?,ATTENDANCE_HISTORY,Gujarati,clean_seed_or_one_step_variant,needs_native_review,train,get_attendance_history,STUDENT,PARENT|PRINCIPAL|STUDENT|TEACHER,YES,ATTENDANCE_CONTEXT,natural_query,YES,NO,READ
મારા બાળકની હાજરી કેટલી છે?,CHILD_ATTENDANCE,Gujarati,clean_seed_or_one_step_variant,needs_native_review,train,get_child_attendance,PARENT,PARENT|PRINCIPAL|TEACHER,YES,ATTENDANCE_CONTEXT,short,YES,NO,READ
રાહુલની હાજરી તપાસી શકો છો?,CHILD_ATTENDANCE,Gujarati,clean_seed_or_one_step_variant,needs_native_review,validation,get_child_attendance,PARENT,PARENT|PRINCIPAL|TEACHER,YES,ATTENDANCE_CONTEXT,short,YES,NO,READ
મારા દીકરાની હાજરી કેવી છે?,CHILD_ATTENDANCE,Gujarati,clean_seed_or_one_step_variant,needs_native_review,test,get_child_attendance,PARENT,PARENT|PRINCIPAL|TEACHER,YES,ATTENDANCE_CONTEXT,short,YES,NO,READ
કૃપા કરીને મારા બાળકની હાજરી કેટલી છે?,CHILD_ATTENDANCE,Gujarati,clean_seed_or_one_step_variant,needs_native_review,train,get_child_attendance,PARENT,PARENT|PRINCIPAL|TEACHER,YES,ATTENDANCE_CONTEXT,natural_query,YES,NO,READ
કૃપા કરીને રાહુલની હાજરી તપાસી શકો છો?,CHILD_ATTENDANCE,Gujarati,clean_seed_or_one_step_variant,needs_native_review,train,get_child_attendance,PARENT,PARENT|PRINCIPAL|TEACHER,YES,ATTENDANCE_CONTEXT,natural_query,YES,NO,READ
મારે મારા બાળકના શિક્ષક સાથે વાત કરવી છે.,ESCALATION,Gujarati,clean_seed_or_one_step_variant,needs_native_review,train,create_escalation_request,PARENT,PARENT|PRINCIPAL|STUDENT|TEACHER,YES,NONE,natural_query,YES,YES,ACTION
મને શિક્ષક સાથે જોડો.,ESCALATION,Gujarati,clean_seed_or_one_step_variant,needs_native_review,train,create_escalation_request,PARENT,PARENT|PRINCIPAL|STUDENT|TEACHER,YES,NONE,short,YES,YES,ACTION
મારે શાળા મેનેજમેન્ટનો સંપર્ક કરવો છે.,ESCALATION,Gujarati,clean_seed_or_one_step_variant,needs_native_review,validation,create_escalation_request,PARENT,PARENT|PRINCIPAL|STUDENT|TEACHER,YES,NONE,natural_query,YES,YES,ACTION
કૃપા કરીને મારે મારા બાળકના શિક્ષક સાથે વાત કરવી છે.,ESCALATION,Gujarati,clean_seed_or_one_step_variant,needs_native_review,test,create_escalation_request,PARENT,PARENT|PRINCIPAL|STUDENT|TEACHER,YES,NONE,natural_query,YES,YES,ACTION
કૃપા કરીને મને શિક્ષક સાથે જોડો.,ESCALATION,Gujarati,clean_seed_or_one_step_variant,needs_native_review,train,create_escalation_request,PARENT,PARENT|PRINCIPAL|STUDENT|TEACHER,YES,NONE,natural_query,YES,YES,ACTION
મારી ગણિતની પરીક્ષા ક્યારે છે?,EXAM,Gujarati,clean_seed_or_one_step_variant,needs_native_review,train,get_exams,STUDENT,PARENT|STUDENT|TEACHER,YES,NONE,short,YES,NO,READ
આગામી પરીક્ષાઓ કઈ છે?,EXAM,Gujarati,clean_seed_or_one_step_variant,needs_native_review,train,get_exams,STUDENT,PARENT|STUDENT|TEACHER,YES,NONE,short,YES,NO,READ
પરીક્ષાનું સમયપત્રક જણાવો.,EXAM,Gujarati,clean_seed_or_one_step_variant,needs_native_review,validation,get_exams,STUDENT,PARENT|STUDENT|TEACHER,YES,NONE,short,YES,NO,READ
કૃપા કરીને મારી ગણિતની પરીક્ષા ક્યારે છે?,EXAM,Gujarati,clean_seed_or_one_step_variant,needs_native_review,train,get_exams,STUDENT,PARENT|STUDENT|TEACHER,YES,NONE,natural_query,YES,NO,READ
કૃપા કરીને આગામી પરીક્ષાઓ કઈ છે?,EXAM,Gujarati,clean_seed_or_one_step_variant,needs_native_review,test,get_exams,STUDENT,PARENT|STUDENT|TEACHER,YES,NONE,natural_query,YES,NO,READ
મારા બાળકની ફીની સ્થિતિ બતાવો.,FEES,Gujarati,clean_seed_or_one_step_variant,needs_native_review,train,get_fees,PARENT,PARENT|PRINCIPAL|STUDENT,YES,NONE,short,YES,NO,READ
કૃપા કરીને મારા બાળકની ફીની સ્થિતિ બતાવો.,FEES,Gujarati,clean_seed_or_one_step_variant,needs_native_review,validation,get_fees,PARENT,PARENT|PRINCIPAL|STUDENT,YES,NONE,natural_query,YES,NO,READ
કૃપા કરીને કૃપા કરીને મારા બાળકની ફીની સ્થિતિ બતાવો.,FEES,Gujarati,clean_seed_or_one_step_variant,needs_native_review,test,get_fees,PARENT,PARENT|PRINCIPAL|STUDENT,YES,NONE,natural_query,YES,NO,READ
કૃપા કરીને કૃપા કરીને કૃપા કરીને મારા બાળકની ફીની સ્થિતિ બતાવો.,FEES,Gujarati,clean_seed_or_one_step_variant,needs_native_review,train,get_fees,PARENT,PARENT|PRINCIPAL|STUDENT,YES,NONE,natural_query,YES,NO,READ
કૃપા કરીને કૃપા કરીને કૃપા કરીને કૃપા કરીને મારા બાળકની ફીની સ્થિતિ બતાવો.,FEES,Gujarati,clean_seed_or_one_step_variant,needs_native_review,train,get_fees,PARENT,PARENT|PRINCIPAL|STUDENT,YES,NONE,natural_query,YES,NO,READ
તમે મને કેવી રીતે મદદ કરી શકો?,GENERAL_HELP,Gujarati,clean_seed_or_one_step_variant,needs_native_review,train,none,STUDENT,PARENT|PRINCIPAL|STUDENT|TEACHER,NO,NONE,natural_query,NO,NO,READ
કૃપા કરીને તમે મને કેવી રીતે મદદ કરી શકો?,GENERAL_HELP,Gujarati,clean_seed_or_one_step_variant,needs_native_review,train,none,STUDENT,PARENT|PRINCIPAL|STUDENT|TEACHER,NO,NONE,natural_query,NO,NO,READ
કૃપા કરીને કૃપા કરીને તમે મને કેવી રીતે મદદ કરી શકો?,GENERAL_HELP,Gujarati,clean_seed_or_one_step_variant,needs_native_review,train,none,STUDENT,PARENT|PRINCIPAL|STUDENT|TEACHER,NO,NONE,natural_query,NO,NO,READ
કૃપા કરીને કૃપા કરીને કૃપા કરીને તમે મને કેવી રીતે મદદ કરી શકો?,GENERAL_HELP,Gujarati,clean_seed_or_one_step_variant,needs_native_review,validation,none,STUDENT,PARENT|PRINCIPAL|STUDENT|TEACHER,NO,NONE,natural_query,NO,NO,READ
કૃપા કરીને કૃપા કરીને કૃપા કરીને કૃપા કરીને તમે મને કેવી રીતે મદદ કરી શકો?,GENERAL_HELP,Gujarati,clean_seed_or_one_step_variant,needs_native_review,test,none,STUDENT,PARENT|PRINCIPAL|STUDENT|TEACHER,NO,NONE,natural_query,NO,NO,READ
નમસ્તે,GREETING,Gujarati,clean_seed_or_one_step_variant,needs_native_review,train,none,STUDENT,PARENT|PRINCIPAL|STUDENT|TEACHER,NO,NONE,short,NO,NO,READ
કૃપા કરીને નમસ્તે,GREETING,Gujarati,clean_seed_or_one_step_variant,needs_native_review,test,none,STUDENT,PARENT|PRINCIPAL|STUDENT|TEACHER,NO,NONE,short,NO,NO,READ
કૃપા કરીને કૃપા કરીને નમસ્તે,GREETING,Gujarati,clean_seed_or_one_step_variant,needs_native_review,train,none,STUDENT,PARENT|PRINCIPAL|STUDENT|TEACHER,NO,NONE,short,NO,NO,READ
કૃપા કરીને કૃપા કરીને કૃપા કરીને નમસ્તે,GREETING,Gujarati,clean_seed_or_one_step_variant,needs_native_review,validation,none,STUDENT,PARENT|PRINCIPAL|STUDENT|TEACHER,NO,NONE,natural_query,NO,NO,READ
કૃપા કરીને કૃપા કરીને કૃપા કરીને કૃપા કરીને નમસ્તે,GREETING,Gujarati,clean_seed_or_one_step_variant,needs_native_review,train,none,STUDENT,PARENT|PRINCIPAL|STUDENT|TEACHER,NO,NONE,natural_query,NO,NO,READ
શું હું રાહુલ માટે કાલની રજા માંગી શકું?,LEAVE,Gujarati,clean_seed_or_one_step_variant,needs_native_review,test,leave_service,PARENT,PARENT|STUDENT,YES,NONE,natural_query,YES,YES,ACTION
કૃપા કરીને શું હું રાહુલ માટે કાલની રજા માંગી શકું?,LEAVE,Gujarati,clean_seed_or_one_step_variant,needs_native_review,validation,leave_service,PARENT,PARENT|STUDENT,YES,NONE,natural_query,YES,YES,ACTION
કૃપા કરીને કૃપા કરીને શું હું રાહુલ માટે કાલની રજા માંગી શકું?,LEAVE,Gujarati,clean_seed_or_one_step_variant,needs_native_review,train,leave_service,PARENT,PARENT|STUDENT,YES,NONE,natural_query,YES,YES,ACTION
કૃપા કરીને કૃપા કરીને કૃપા કરીને શું હું રાહુલ માટે કાલની રજા માંગી શકું?,LEAVE,Gujarati,clean_seed_or_one_step_variant,needs_native_review,train,leave_service,PARENT,PARENT|STUDENT,YES,NONE,natural_query,YES,YES,ACTION
કૃપા કરીને કૃપા કરીને કૃપા કરીને કૃપા કરીને શું હું રાહુલ માટે કાલની રજા માંગી શકું?,LEAVE,Gujarati,clean_seed_or_one_step_variant,needs_native_review,train,leave_service,PARENT,PARENT|STUDENT,YES,NONE,natural_query,YES,YES,ACTION
રાહુલને આજે ગેરહાજર તરીકે નોંધો.,MARK_ATTENDANCE,Gujarati,clean_seed_or_one_step_variant,needs_native_review,validation,mark_attendance,TEACHER,TEACHER,YES,ATTENDANCE_CONTEXT,short,YES,YES,ACTION
કૃપા કરીને રાહુલને આજે ગેરહાજર તરીકે નોંધો.,MARK_ATTENDANCE,Gujarati,clean_seed_or_one_step_variant,needs_native_review,train,mark_attendance,TEACHER,TEACHER,YES,ATTENDANCE_CONTEXT,natural_query,YES,YES,ACTION
કૃપા કરીને કૃપા કરીને રાહુલને આજે ગેરહાજર તરીકે નોંધો.,MARK_ATTENDANCE,Gujarati,clean_seed_or_one_step_variant,needs_native_review,train,mark_attendance,TEACHER,TEACHER,YES,ATTENDANCE_CONTEXT,natural_query,YES,YES,ACTION
કૃપા કરીને કૃપા કરીને કૃપા કરીને રાહુલને આજે ગેરહાજર તરીકે નોંધો.,MARK_ATTENDANCE,Gujarati,clean_seed_or_one_step_variant,needs_native_review,test,mark_attendance,TEACHER,TEACHER,YES,ATTENDANCE_CONTEXT,natural_query,YES,YES,ACTION
કૃપા કરીને કૃપા કરીને કૃપા કરીને કૃપા કરીને રાહુલને આજે ગેરહાજર તરીકે નોંધો.,MARK_ATTENDANCE,Gujarati,clean_seed_or_one_step_variant,needs_native_review,train,mark_attendance,TEACHER,TEACHER,YES,ATTENDANCE_CONTEXT,natural_query,YES,YES,ACTION
મારો કોલેજ અસાઇનમેન્ટ લખો.,OUT_OF_SCOPE,Gujarati,clean_seed_or_one_step_variant,needs_native_review,train,blocked,STUDENT,PARENT|PRINCIPAL|STUDENT|TEACHER,NO,NONE,short,NO,NO,BLOCK
કૃપા કરીને મારો કોલેજ અસાઇનમેન્ટ લખો.,OUT_OF_SCOPE,Gujarati,clean_seed_or_one_step_variant,needs_native_review,train,blocked,STUDENT,PARENT|PRINCIPAL|STUDENT|TEACHER,NO,NONE,natural_query,NO,NO,BLOCK
કૃપા કરીને કૃપા કરીને મારો કોલેજ અસાઇનમેન્ટ લખો.,OUT_OF_SCOPE,Gujarati,clean_seed_or_one_step_variant,needs_native_review,test,blocked,STUDENT,PARENT|PRINCIPAL|STUDENT|TEACHER,NO,NONE,natural_query,NO,NO,BLOCK
કૃપા કરીને કૃપા કરીને કૃપા કરીને મારો કોલેજ અસાઇનમેન્ટ લખો.,OUT_OF_SCOPE,Gujarati,clean_seed_or_one_step_variant,needs_native_review,train,blocked,STUDENT,PARENT|PRINCIPAL|STUDENT|TEACHER,NO,NONE,natural_query,NO,NO,BLOCK
કૃપા કરીને કૃપા કરીને કૃપા કરીને કૃપા કરીને મારો કોલેજ અસાઇનમેન્ટ લખો.,OUT_OF_SCOPE,Gujarati,clean_seed_or_one_step_variant,needs_native_review,validation,blocked,STUDENT,PARENT|PRINCIPAL|STUDENT|TEACHER,NO,NONE,natural_query,NO,NO,BLOCK
મારી હાજરી કેટલી છે?,OWN_ATTENDANCE,Gujarati,clean_seed_or_one_step_variant,needs_native_review,train,get_my_attendance,STUDENT,PARENT|PRINCIPAL|STUDENT|TEACHER,YES,ATTENDANCE_CONTEXT,short,YES,NO,READ
મારી હાજરીની ટકાવારી કેટલી છે?,OWN_ATTENDANCE,Gujarati,clean_seed_or_one_step_variant,needs_native_review,validation,get_my_attendance,STUDENT,PARENT|PRINCIPAL|STUDENT|TEACHER,YES,ATTENDANCE_CONTEXT,short,YES,NO,READ
શું તમે મારી હાજરી તપાસી શકો છો?,OWN_ATTENDANCE,Gujarati,clean_seed_or_one_step_variant,needs_native_review,test,get_my_attendance,STUDENT,PARENT|PRINCIPAL|STUDENT|TEACHER,YES,ATTENDANCE_CONTEXT,natural_query,YES,NO,READ
કૃપા કરીને મારી હાજરી કેટલી છે?,OWN_ATTENDANCE,Gujarati,clean_seed_or_one_step_variant,needs_native_review,train,get_my_attendance,STUDENT,PARENT|PRINCIPAL|STUDENT|TEACHER,YES,ATTENDANCE_CONTEXT,natural_query,YES,NO,READ
કૃપા કરીને મારી હાજરીની ટકાવારી કેટલી છે?,OWN_ATTENDANCE,Gujarati,clean_seed_or_one_step_variant,needs_native_review,train,get_my_attendance,STUDENT,PARENT|PRINCIPAL|STUDENT|TEACHER,YES,ATTENDANCE_CONTEXT,natural_query,YES,NO,READ
આખી શાળાનો હાજરી અહેવાલ બતાવો.,SCHOOL_ANALYTICS,Gujarati,clean_seed_or_one_step_variant,needs_native_review,test,get_school_analytics,PRINCIPAL,PRINCIPAL,YES,ATTENDANCE_CONTEXT,short,YES,NO,READ
કૃપા કરીને આખી શાળાનો હાજરી અહેવાલ બતાવો.,SCHOOL_ANALYTICS,Gujarati,clean_seed_or_one_step_variant,needs_native_review,train,get_school_analytics,PRINCIPAL,PRINCIPAL,YES,ATTENDANCE_CONTEXT,natural_query,YES,NO,READ
કૃપા કરીને કૃપા કરીને આખી શાળાનો હાજરી અહેવાલ બતાવો.,SCHOOL_ANALYTICS,Gujarati,clean_seed_or_one_step_variant,needs_native_review,train,get_school_analytics,PRINCIPAL,PRINCIPAL,YES,ATTENDANCE_CONTEXT,natural_query,YES,NO,READ
કૃપા કરીને કૃપા કરીને કૃપા કરીને આખી શાળાનો હાજરી અહેવાલ બતાવો.,SCHOOL_ANALYTICS,Gujarati,clean_seed_or_one_step_variant,needs_native_review,train,get_school_analytics,PRINCIPAL,PRINCIPAL,YES,ATTENDANCE_CONTEXT,natural_query,YES,NO,READ
કૃપા કરીને કૃપા કરીને કૃપા કરીને કૃપા કરીને આખી શાળાનો હાજરી અહેવાલ બતાવો.,SCHOOL_ANALYTICS,Gujarati,clean_seed_or_one_step_variant,needs_native_review,validation,get_school_analytics,PRINCIPAL,PRINCIPAL,YES,ATTENDANCE_CONTEXT,natural_query,YES,NO,READ
કાલે રાહુલનું સમયપત્રક શું છે?,TIMETABLE,Gujarati,clean_seed_or_one_step_variant,needs_native_review,test,get_timetable,STUDENT,PARENT|STUDENT|TEACHER,YES,NONE,short,YES,NO,READ
કાલે મારા કયા વર્ગો છે?,TIMETABLE,Gujarati,clean_seed_or_one_step_variant,needs_native_review,train,get_timetable,STUDENT,PARENT|STUDENT|TEACHER,YES,NONE,short,YES,NO,READ
મારું સમયપત્રક બતાવો.,TIMETABLE,Gujarati,clean_seed_or_one_step_variant,needs_native_review,train,get_timetable,STUDENT,PARENT|STUDENT|TEACHER,YES,NONE,short,YES,NO,READ
કૃપા કરીને કાલે રાહુલનું સમયપત્રક શું છે?,TIMETABLE,Gujarati,clean_seed_or_one_step_variant,needs_native_review,train,get_timetable,STUDENT,PARENT|STUDENT|TEACHER,YES,NONE,natural_query,YES,NO,READ
કૃપા કરીને કાલે મારા કયા વર્ગો છે?,TIMETABLE,Gujarati,clean_seed_or_one_step_variant,needs_native_review,validation,get_timetable,STUDENT,PARENT|STUDENT|TEACHER,YES,NONE,natural_query,YES,NO,READ
राहुल पढ़ाई में कैसा कर रहा है?,ACADEMIC_PERFORMANCE,Hindi,clean_seed_or_one_step_variant,needs_native_review,train,get_academic_performance,STUDENT,PARENT|STUDENT|TEACHER,YES,PERSON,natural_query,YES,NO,READ
मेरे अंक दिखाइए।,ACADEMIC_PERFORMANCE,Hindi,clean_seed_or_one_step_variant,needs_native_review,validation,get_academic_performance,STUDENT,PARENT|STUDENT|TEACHER,YES,NONE,short_or_statement,YES,NO,READ
मेरे बच्चे के मार्क्स कैसे हैं?,ACADEMIC_PERFORMANCE,Hindi,clean_seed_or_one_step_variant,needs_native_review,train,get_academic_performance,STUDENT,PARENT|STUDENT|TEACHER,YES,NONE,natural_query,YES,NO,READ
कौन से विषय में मैं कमजोर हूँ?,ACADEMIC_PERFORMANCE,Hindi,clean_seed_or_one_step_variant,needs_native_review,train,get_academic_performance,STUDENT,PARENT|STUDENT|TEACHER,YES,NONE,natural_query,YES,NO,READ
मेरी पढ़ाई की प्रगति बताइए।,ACADEMIC_PERFORMANCE,Hindi,clean_seed_or_one_step_variant,needs_native_review,test,get_academic_performance,STUDENT,PARENT|STUDENT|TEACHER,YES,NONE,short_or_statement,YES,NO,READ
क्या स्कूल की कोई नई घोषणा है?,ANNOUNCEMENT,Hindi,clean_seed_or_one_step_variant,needs_native_review,test,get_announcements,PARENT,PARENT|PRINCIPAL|STUDENT|TEACHER,YES,NONE,natural_query,YES,NO,READ
आज स्कूल ने क्या घोषणा की है?,ANNOUNCEMENT,Hindi,clean_seed_or_one_step_variant,needs_native_review,train,get_announcements,PARENT,PARENT|PRINCIPAL|STUDENT|TEACHER,YES,DATE,natural_query,YES,NO,READ
हाल की सूचनाएँ दिखाइए।,ANNOUNCEMENT,Hindi,clean_seed_or_one_step_variant,needs_native_review,train,get_announcements,PARENT,PARENT|PRINCIPAL|STUDENT|TEACHER,YES,NONE,short_or_statement,YES,NO,READ
क्या स्कूल की कोई जरूरी सूचना है?,ANNOUNCEMENT,Hindi,clean_seed_or_one_step_variant,needs_native_review,train,get_announcements,PARENT,PARENT|PRINCIPAL|STUDENT|TEACHER,YES,NONE,natural_query,YES,NO,READ
क्या स्कूल ने कोई नया नोटिस जारी किया है?,ANNOUNCEMENT,Hindi,clean_seed_or_one_step_variant,needs_native_review,validation,get_announcements,PARENT,PARENT|PRINCIPAL|STUDENT|TEACHER,YES,NONE,natural_query,YES,NO,READ
क्या राहुल ने अपना असाइनमेंट जमा किया है?,ASSIGNMENT,Hindi,clean_seed_or_one_step_variant,needs_native_review,train,get_assignments,STUDENT,PARENT|STUDENT|TEACHER,YES,PERSON,natural_query,YES,NO,READ
कौन से असाइनमेंट बाकी हैं?,ASSIGNMENT,Hindi,clean_seed_or_one_step_variant,needs_native_review,test,get_assignments,STUDENT,PARENT|STUDENT|TEACHER,YES,NONE,short,YES,NO,READ
मेरे हाल के असाइनमेंट दिखाइए।,ASSIGNMENT,Hindi,clean_seed_or_one_step_variant,needs_native_review,train,get_assignments,STUDENT,PARENT|STUDENT|TEACHER,YES,NONE,short_or_statement,YES,NO,READ
क्या मेरे बच्चे ने होमवर्क जमा किया है?,ASSIGNMENT,Hindi,clean_seed_or_one_step_variant,needs_native_review,train,get_assignments,STUDENT,PARENT|STUDENT|TEACHER,YES,NONE,natural_query,YES,NO,READ
कौन से असाइनमेंट जमा करने हैं?,ASSIGNMENT,Hindi,clean_seed_or_one_step_variant,needs_native_review,validation,get_assignments,STUDENT,PARENT|STUDENT|TEACHER,YES,NONE,natural_query,YES,NO,READ
पिछले महीने राहुल की अटेंडेंस कितनी थी?,ATTENDANCE_HISTORY,Hindi,clean_seed_or_one_step_variant,needs_native_review,validation,get_attendance_history,STUDENT,PARENT|PRINCIPAL|STUDENT|TEACHER,YES,PERSON|DATE|ATTENDANCE_CONTEXT,natural_query,YES,NO,READ
उसकी हाल की उपस्थिति दिखाइए।,ATTENDANCE_HISTORY,Hindi,clean_seed_or_one_step_variant,needs_native_review,train,get_attendance_history,STUDENT,PARENT|PRINCIPAL|STUDENT|TEACHER,YES,ATTENDANCE_CONTEXT,short_or_statement,YES,NO,READ
राहुल किन दिनों अनुपस्थित था?,ATTENDANCE_HISTORY,Hindi,clean_seed_or_one_step_variant,needs_native_review,train,get_attendance_history,STUDENT,PARENT|PRINCIPAL|STUDENT|TEACHER,YES,PERSON|ATTENDANCE_CONTEXT,short,YES,NO,READ
क्या आप उसकी अटेंडेंस हिस्ट्री दिखा सकते हैं?,ATTENDANCE_HISTORY,Hindi,clean_seed_or_one_step_variant,needs_native_review,train,get_attendance_history,STUDENT,PARENT|PRINCIPAL|STUDENT|TEACHER,YES,ATTENDANCE_CONTEXT,polite_request,YES,NO,READ
इस महीने वह कितने दिन अनुपस्थित रहा?,ATTENDANCE_HISTORY,Hindi,clean_seed_or_one_step_variant,needs_native_review,test,get_attendance_history,STUDENT,PARENT|PRINCIPAL|STUDENT|TEACHER,YES,DATE|ATTENDANCE_CONTEXT,natural_query,YES,NO,READ
मेरे बच्चे की उपस्थिति कितनी है?,CHILD_ATTENDANCE,Hindi,clean_seed_or_one_step_variant,needs_native_review,test,get_child_attendance,PARENT,PARENT|PRINCIPAL|TEACHER,YES,ATTENDANCE_CONTEXT,natural_query,YES,NO,READ
क्या आप राहुल की अटेंडेंस चेक कर सकते हैं?,CHILD_ATTENDANCE,Hindi,clean_seed_or_one_step_variant,needs_native_review,train,get_child_attendance,PARENT,PARENT|PRINCIPAL|TEACHER,YES,PERSON|ATTENDANCE_CONTEXT,polite_request,YES,NO,READ
मेरी बेटी की उपस्थिति कितने प्रतिशत है?,CHILD_ATTENDANCE,Hindi,clean_seed_or_one_step_variant,needs_native_review,validation,get_child_attendance,PARENT,PARENT|PRINCIPAL|TEACHER,YES,ATTENDANCE_CONTEXT,natural_query,YES,NO,READ
मेरे बेटे की अटेंडेंस कैसी रही है?,CHILD_ATTENDANCE,Hindi,clean_seed_or_one_step_variant,needs_native_review,train,get_child_attendance,PARENT,PARENT|PRINCIPAL|TEACHER,YES,ATTENDANCE_CONTEXT,natural_query,YES,NO,READ
मेरे बच्चे की उपस्थिति दिखाइए।,CHILD_ATTENDANCE,Hindi,clean_seed_or_one_step_variant,needs_native_review,train,get_child_attendance,PARENT,PARENT|PRINCIPAL|TEACHER,YES,ATTENDANCE_CONTEXT,short_or_statement,YES,NO,READ
मैं अपने बच्चे के शिक्षक से बात करना चाहता हूँ।,ESCALATION,Hindi,clean_seed_or_one_step_variant,needs_native_review,train,create_escalation_request,PARENT,PARENT|PRINCIPAL|STUDENT|TEACHER,YES,NONE,short_or_statement,YES,YES,ACTION
मुझे शिक्षक से जोड़िए।,ESCALATION,Hindi,clean_seed_or_one_step_variant,needs_native_review,train,create_escalation_request,PARENT,PARENT|PRINCIPAL|STUDENT|TEACHER,YES,NONE,short_or_statement,YES,YES,ACTION
मुझे स्कूल प्रबंधन से संपर्क करना है।,ESCALATION,Hindi,clean_seed_or_one_step_variant,needs_native_review,validation,create_escalation_request,PARENT,PARENT|PRINCIPAL|STUDENT|TEACHER,YES,NONE,short_or_statement,YES,YES,ACTION
कृपया शिक्षक से कॉल का अनुरोध करें।,ESCALATION,Hindi,clean_seed_or_one_step_variant,needs_native_review,test,create_escalation_request,PARENT,PARENT|PRINCIPAL|STUDENT|TEACHER,YES,NONE,short_or_statement,YES,YES,ACTION
"मैं संतुष्ट नहीं हूँ, मुझे किसी व्यक्ति से बात करनी है।",ESCALATION,Hindi,clean_seed_or_one_step_variant,needs_native_review,train,create_escalation_request,PARENT,PARENT|PRINCIPAL|STUDENT|TEACHER,YES,NONE,short_or_statement,YES,YES,ACTION
मेरी गणित की परीक्षा कब है?,EXAM,Hindi,clean_seed_or_one_step_variant,needs_native_review,validation,get_exams,STUDENT,PARENT|STUDENT|TEACHER,YES,NONE,natural_query,YES,NO,READ
आने वाली परीक्षाएँ कौन सी हैं?,EXAM,Hindi,clean_seed_or_one_step_variant,needs_native_review,test,get_exams,STUDENT,PARENT|STUDENT|TEACHER,YES,NONE,natural_query,YES,NO,READ
राहुल की आगामी परीक्षाएँ दिखाइए।,EXAM,Hindi,clean_seed_or_one_step_variant,needs_native_review,train,get_exams,STUDENT,PARENT|STUDENT|TEACHER,YES,PERSON,short_or_statement,YES,NO,READ
विज्ञान की परीक्षा कब है?,EXAM,Hindi,clean_seed_or_one_step_variant,needs_native_review,train,get_exams,STUDENT,PARENT|STUDENT|TEACHER,YES,NONE,short,YES,NO,READ
परीक्षा का शेड्यूल बताइए।,EXAM,Hindi,clean_seed_or_one_step_variant,needs_native_review,train,get_exams,STUDENT,PARENT|STUDENT|TEACHER,YES,NONE,short_or_statement,YES,NO,READ
क्या मेरी कोई फीस बाकी है?,FEES,Hindi,clean_seed_or_one_step_variant,needs_native_review,validation,get_fees,PARENT,PARENT|PRINCIPAL|STUDENT,YES,NONE,natural_query,YES,NO,READ
कौन सी फीस जमा करनी है?,FEES,Hindi,clean_seed_or_one_step_variant,needs_native_review,train,get_fees,PARENT,PARENT|PRINCIPAL|STUDENT,YES,NONE,natural_query,YES,NO,READ
मेरे बच्चे की फीस की स्थिति दिखाइए।,FEES,Hindi,clean_seed_or_one_step_variant,needs_native_review,test,get_fees,PARENT,PARENT|PRINCIPAL|STUDENT,YES,NONE,short_or_statement,YES,NO,READ
अगली फीस कब जमा करनी है?,FEES,Hindi,clean_seed_or_one_step_variant,needs_native_review,train,get_fees,PARENT,PARENT|PRINCIPAL|STUDENT,YES,NONE,natural_query,YES,NO,READ
बकाया फीस कितनी है?,FEES,Hindi,clean_seed_or_one_step_variant,needs_native_review,train,get_fees,PARENT,PARENT|PRINCIPAL|STUDENT,YES,NONE,short,YES,NO,READ
आप मेरी किस तरह मदद कर सकते हैं?,GENERAL_HELP,Hindi,clean_seed_or_one_step_variant,needs_native_review,train,none,STUDENT,PARENT|PRINCIPAL|STUDENT|TEACHER,NO,NONE,natural_query,NO,NO,READ
यह असिस्टेंट कैसे काम करता है?,GENERAL_HELP,Hindi,clean_seed_or_one_step_variant,needs_native_review,train,none,STUDENT,PARENT|PRINCIPAL|STUDENT|TEACHER,NO,NONE,natural_query,NO,NO,READ
स्कूल असिस्टेंट का उपयोग करने में मेरी मदद करें।,GENERAL_HELP,Hindi,clean_seed_or_one_step_variant,needs_native_review,test,none,STUDENT,PARENT|PRINCIPAL|STUDENT|TEACHER,NO,NONE,short_or_statement,NO,NO,READ
आप कौन-कौन सी सेवाएँ दे सकते हैं?,GENERAL_HELP,Hindi,clean_seed_or_one_step_variant,needs_native_review,train,none,STUDENT,PARENT|PRINCIPAL|STUDENT|TEACHER,NO,NONE,natural_query,NO,NO,READ
मैं आपसे क्या पूछ सकता हूँ?,GENERAL_HELP,Hindi,clean_seed_or_one_step_variant,needs_native_review,validation,none,STUDENT,PARENT|PRINCIPAL|STUDENT|TEACHER,NO,NONE,natural_query,NO,NO,READ
नमस्ते,GREETING,Hindi,clean_seed_or_one_step_variant,needs_native_review,train,none,STUDENT,PARENT|PRINCIPAL|STUDENT|TEACHER,NO,NONE,short_or_statement,NO,NO,READ
हैलो,GREETING,Hindi,clean_seed_or_one_step_variant,needs_native_review,train,none,STUDENT,PARENT|PRINCIPAL|STUDENT|TEACHER,NO,NONE,short_or_statement,NO,NO,READ
सुप्रभात,GREETING,Hindi,clean_seed_or_one_step_variant,needs_native_review,validation,none,STUDENT,PARENT|PRINCIPAL|STUDENT|TEACHER,NO,NONE,short_or_statement,NO,NO,READ
नमस्कार,GREETING,Hindi,clean_seed_or_one_step_variant,needs_native_review,train,none,STUDENT,PARENT|PRINCIPAL|STUDENT|TEACHER,NO,NONE,short_or_statement,NO,NO,READ
शुभ संध्या,GREETING,Hindi,clean_seed_or_one_step_variant,needs_native_review,test,none,STUDENT,PARENT|PRINCIPAL|STUDENT|TEACHER,NO,NONE,short_or_statement,NO,NO,READ
छुट्टी के लिए आवेदन कैसे करें?,LEAVE,Hindi,clean_seed_or_one_step_variant,needs_native_review,validation,leave_service,PARENT,PARENT|STUDENT,YES,NONE,natural_query,YES,YES,ACTION
स्कूल की छुट्टी की नीति क्या है?,LEAVE,Hindi,clean_seed_or_one_step_variant,needs_native_review,train,leave_service,PARENT,PARENT|STUDENT,YES,NONE,natural_query,YES,YES,ACTION
क्या मैं राहुल के लिए कल की छुट्टी माँग सकता हूँ?,LEAVE,Hindi,clean_seed_or_one_step_variant,needs_native_review,test,leave_service,PARENT,PARENT|STUDENT,YES,PERSON|DATE,natural_query,YES,YES,ACTION
कितने छुट्टी के दिन उपलब्ध हैं?,LEAVE,Hindi,clean_seed_or_one_step_variant,needs_native_review,train,leave_service,PARENT,PARENT|STUDENT,YES,NONE,natural_query,YES,YES,ACTION
मुझे छुट्टी के लिए आवेदन करना है।,LEAVE,Hindi,clean_seed_or_one_step_variant,needs_native_review,train,leave_service,PARENT,PARENT|STUDENT,YES,NONE,short_or_statement,YES,YES,ACTION
राहुल को आज अनुपस्थित दर्ज करें।,MARK_ATTENDANCE,Hindi,clean_seed_or_one_step_variant,needs_native_review,test,mark_attendance,TEACHER,TEACHER,YES,PERSON|DATE|ATTENDANCE_CONTEXT,short_or_statement,YES,YES,ACTION
"राहुल आज कक्षा में नहीं था, उसे अनुपस्थित कर दें।",MARK_ATTENDANCE,Hindi,clean_seed_or_one_step_variant,needs_native_review,validation,mark_attendance,TEACHER,TEACHER,YES,PERSON|DATE|ATTENDANCE_CONTEXT,short_or_statement,YES,YES,ACTION
कृपया राहुल की अनुपस्थिति दर्ज करें।,MARK_ATTENDANCE,Hindi,clean_seed_or_one_step_variant,needs_native_review,train,mark_attendance,TEACHER,TEACHER,YES,PERSON|ATTENDANCE_CONTEXT,short_or_statement,YES,YES,ACTION
आज राहुल की अटेंडेंस अनुपस्थित कर दें।,MARK_ATTENDANCE,Hindi,clean_seed_or_one_step_variant,needs_native_review,train,mark_attendance,TEACHER,TEACHER,YES,PERSON|DATE|ATTENDANCE_CONTEXT,short_or_statement,YES,YES,ACTION
इस छात्र को उपस्थित दर्ज करें।,MARK_ATTENDANCE,Hindi,clean_seed_or_one_step_variant,needs_native_review,train,mark_attendance,TEACHER,TEACHER,YES,ATTENDANCE_CONTEXT,short_or_statement,YES,YES,ACTION
मेरे लिए मुंबई की फ्लाइट बुक करें।,OUT_OF_SCOPE,Hindi,clean_seed_or_one_step_variant,needs_native_review,train,blocked,STUDENT,PARENT|PRINCIPAL|STUDENT|TEACHER,NO,NONE,short_or_statement,NO,NO,BLOCK
एप्पल के शेयर की कीमत क्या है?,OUT_OF_SCOPE,Hindi,clean_seed_or_one_step_variant,needs_native_review,validation,blocked,STUDENT,PARENT|PRINCIPAL|STUDENT|TEACHER,NO,NONE,natural_query,NO,NO,BLOCK
मेरा कॉलेज असाइनमेंट लिखिए।,OUT_OF_SCOPE,Hindi,clean_seed_or_one_step_variant,needs_native_review,train,blocked,STUDENT,PARENT|PRINCIPAL|STUDENT|TEACHER,NO,NONE,short_or_statement,NO,NO,BLOCK
मुझे एक चुटकुला सुनाइए।,OUT_OF_SCOPE,Hindi,clean_seed_or_one_step_variant,needs_native_review,train,blocked,STUDENT,PARENT|PRINCIPAL|STUDENT|TEACHER,NO,NONE,short_or_statement,NO,NO,BLOCK
मंगल ग्रह का मौसम कैसा है?,OUT_OF_SCOPE,Hindi,clean_seed_or_one_step_variant,needs_native_review,test,blocked,STUDENT,PARENT|PRINCIPAL|STUDENT|TEACHER,NO,NONE,natural_query,NO,NO,BLOCK
मेरी उपस्थिति कितनी है?,OWN_ATTENDANCE,Hindi,clean_seed_or_one_step_variant,needs_native_review,train,get_my_attendance,STUDENT,PARENT|PRINCIPAL|STUDENT|TEACHER,YES,ATTENDANCE_CONTEXT,short,YES,NO,READ
मेरी अटेंडेंस कितने प्रतिशत है?,OWN_ATTENDANCE,Hindi,clean_seed_or_one_step_variant,needs_native_review,test,get_my_attendance,STUDENT,PARENT|PRINCIPAL|STUDENT|TEACHER,YES,ATTENDANCE_CONTEXT,short,YES,NO,READ
क्या आप मेरी उपस्थिति जाँच सकते हैं?,OWN_ATTENDANCE,Hindi,clean_seed_or_one_step_variant,needs_native_review,validation,get_my_attendance,STUDENT,PARENT|PRINCIPAL|STUDENT|TEACHER,YES,ATTENDANCE_CONTEXT,polite_request,YES,NO,READ
मैंने कितनी कक्षाएँ अटेंड की हैं?,OWN_ATTENDANCE,Hindi,clean_seed_or_one_step_variant,needs_native_review,train,get_my_attendance,STUDENT,PARENT|PRINCIPAL|STUDENT|TEACHER,YES,ATTENDANCE_CONTEXT,natural_query,YES,NO,READ
इस टर्म में मेरी उपस्थिति कितनी है?,OWN_ATTENDANCE,Hindi,clean_seed_or_one_step_variant,needs_native_review,train,get_my_attendance,STUDENT,PARENT|PRINCIPAL|STUDENT|TEACHER,YES,ATTENDANCE_CONTEXT,natural_query,YES,NO,READ
पूरे स्कूल की औसत उपस्थिति कितनी है?,SCHOOL_ANALYTICS,Hindi,clean_seed_or_one_step_variant,needs_native_review,validation,get_school_analytics,PRINCIPAL,PRINCIPAL,YES,ATTENDANCE_CONTEXT,natural_query,YES,NO,READ
स्कूल में अटेंडेंस कैसी है?,SCHOOL_ANALYTICS,Hindi,clean_seed_or_one_step_variant,needs_native_review,train,get_school_analytics,PRINCIPAL,PRINCIPAL,YES,ATTENDANCE_CONTEXT,short,YES,NO,READ
किस कक्षा की उपस्थिति सबसे कम है?,SCHOOL_ANALYTICS,Hindi,clean_seed_or_one_step_variant,needs_native_review,train,get_school_analytics,PRINCIPAL,PRINCIPAL,YES,ATTENDANCE_CONTEXT,natural_query,YES,NO,READ
स्कूल की अटेंडेंस रिपोर्ट दिखाइए।,SCHOOL_ANALYTICS,Hindi,clean_seed_or_one_step_variant,needs_native_review,train,get_school_analytics,PRINCIPAL,PRINCIPAL,YES,ATTENDANCE_CONTEXT,short_or_statement,YES,NO,READ
पूरे स्कूल की उपस्थिति का ट्रेंड दिखाइए।,SCHOOL_ANALYTICS,Hindi,clean_seed_or_one_step_variant,needs_native_review,test,get_school_analytics,PRINCIPAL,PRINCIPAL,YES,ATTENDANCE_CONTEXT,short_or_statement,YES,NO,READ
राहुल का कल का टाइमटेबल क्या है?,TIMETABLE,Hindi,clean_seed_or_one_step_variant,needs_native_review,test,get_timetable,STUDENT,PARENT|STUDENT|TEACHER,YES,PERSON|DATE,natural_query,YES,NO,READ
कल मेरी कौन-कौन सी कक्षाएँ हैं?,TIMETABLE,Hindi,clean_seed_or_one_step_variant,needs_native_review,train,get_timetable,STUDENT,PARENT|STUDENT|TEACHER,YES,DATE,natural_query,YES,NO,READ
मेरा टाइमटेबल दिखाइए।,TIMETABLE,Hindi,clean_seed_or_one_step_variant,needs_native_review,train,get_timetable,STUDENT,PARENT|STUDENT|TEACHER,YES,NONE,short_or_statement,YES,NO,READ
अगली गणित की कक्षा कब है?,TIMETABLE,Hindi,clean_seed_or_one_step_variant,needs_native_review,train,get_timetable,STUDENT,PARENT|STUDENT|TEACHER,YES,NONE,natural_query,YES,NO,READ
तीसरे पीरियड में कौन सा विषय है?,TIMETABLE,Hindi,clean_seed_or_one_step_variant,needs_native_review,validation,get_timetable,STUDENT,PARENT|STUDENT|TEACHER,YES,NONE,natural_query,YES,NO,READ
ರಾಹುಲ್ ಅವರ ಶೈಕ್ಷಣಿಕ ಪ್ರಗತಿ ಹೇಗಿದೆ?,ACADEMIC_PERFORMANCE,Kannada,clean_seed_or_one_step_variant,needs_native_review,validation,get_academic_performance,STUDENT,PARENT|STUDENT|TEACHER,YES,NONE,short,YES,NO,READ
ದಯವಿಟ್ಟು ರಾಹುಲ್ ಅವರ ಶೈಕ್ಷಣಿಕ ಪ್ರಗತಿ ಹೇಗಿದೆ?,ACADEMIC_PERFORMANCE,Kannada,clean_seed_or_one_step_variant,needs_native_review,train,get_academic_performance,STUDENT,PARENT|STUDENT|TEACHER,YES,NONE,natural_query,YES,NO,READ
ನೀವು ಹೇಳಬಹುದೇ: ರಾಹುಲ್ ಅವರ ಶೈಕ್ಷಣಿಕ ಪ್ರಗತಿ ಹೇಗಿದೆ?,ACADEMIC_PERFORMANCE,Kannada,clean_seed_or_one_step_variant,needs_native_review,train,get_academic_performance,STUDENT,PARENT|STUDENT|TEACHER,YES,NONE,natural_query,YES,NO,READ
ನಾನು ಇದನ್ನು ತಿಳಿದುಕೊಳ್ಳಬೇಕು: ರಾಹುಲ್ ಅವರ ಶೈಕ್ಷಣಿಕ ಪ್ರಗತಿ ಹೇಗಿದೆ?,ACADEMIC_PERFORMANCE,Kannada,clean_seed_or_one_step_variant,needs_native_review,test,get_academic_performance,STUDENT,PARENT|STUDENT|TEACHER,YES,NONE,natural_query,YES,NO,READ
ಇದನ್ನು ಪರಿಶೀಲಿಸಬಹುದೇ: ರಾಹುಲ್ ಅವರ ಶೈಕ್ಷಣಿಕ ಪ್ರಗತಿ ಹೇಗಿದೆ?,ACADEMIC_PERFORMANCE,Kannada,clean_seed_or_one_step_variant,needs_native_review,train,get_academic_performance,STUDENT,PARENT|STUDENT|TEACHER,YES,NONE,natural_query,YES,NO,READ
ಶಾಲೆಯ ಇತ್ತೀಚಿನ ಪ್ರಕಟಣೆಗಳನ್ನು ತೋರಿಸಿ.,ANNOUNCEMENT,Kannada,clean_seed_or_one_step_variant,needs_native_review,train,get_announcements,PARENT,PARENT|PRINCIPAL|STUDENT|TEACHER,YES,NONE,short,YES,NO,READ
ದಯವಿಟ್ಟು ಶಾಲೆಯ ಇತ್ತೀಚಿನ ಪ್ರಕಟಣೆಗಳನ್ನು ತೋರಿಸಿ.,ANNOUNCEMENT,Kannada,clean_seed_or_one_step_variant,needs_native_review,train,get_announcements,PARENT,PARENT|PRINCIPAL|STUDENT|TEACHER,YES,NONE,short,YES,NO,READ
ನೀವು ಹೇಳಬಹುದೇ: ಶಾಲೆಯ ಇತ್ತೀಚಿನ ಪ್ರಕಟಣೆಗಳನ್ನು ತೋರಿಸಿ.,ANNOUNCEMENT,Kannada,clean_seed_or_one_step_variant,needs_native_review,train,get_announcements,PARENT,PARENT|PRINCIPAL|STUDENT|TEACHER,YES,NONE,natural_query,YES,NO,READ
ನಾನು ಇದನ್ನು ತಿಳಿದುಕೊಳ್ಳಬೇಕು: ಶಾಲೆಯ ಇತ್ತೀಚಿನ ಪ್ರಕಟಣೆಗಳನ್ನು ತೋರಿಸಿ.,ANNOUNCEMENT,Kannada,clean_seed_or_one_step_variant,needs_native_review,validation,get_announcements,PARENT,PARENT|PRINCIPAL|STUDENT|TEACHER,YES,NONE,natural_query,YES,NO,READ
ಇದನ್ನು ಪರಿಶೀಲಿಸಬಹುದೇ: ಶಾಲೆಯ ಇತ್ತೀಚಿನ ಪ್ರಕಟಣೆಗಳನ್ನು ತೋರಿಸಿ.,ANNOUNCEMENT,Kannada,clean_seed_or_one_step_variant,needs_native_review,test,get_announcements,PARENT,PARENT|PRINCIPAL|STUDENT|TEACHER,YES,NONE,natural_query,YES,NO,READ
ರಾಹುಲ್ ತಮ್ಮ ಅಸೈನ್‌ಮೆಂಟ್ ಸಲ್ಲಿಸಿದ್ದಾರೆಯೇ?,ASSIGNMENT,Kannada,clean_seed_or_one_step_variant,needs_native_review,train,get_assignments,STUDENT,PARENT|STUDENT|TEACHER,YES,NONE,short,YES,NO,READ
ದಯವಿಟ್ಟು ರಾಹುಲ್ ತಮ್ಮ ಅಸೈನ್‌ಮೆಂಟ್ ಸಲ್ಲಿಸಿದ್ದಾರೆಯೇ?,ASSIGNMENT,Kannada,clean_seed_or_one_step_variant,needs_native_review,train,get_assignments,STUDENT,PARENT|STUDENT|TEACHER,YES,NONE,short,YES,NO,READ
ನೀವು ಹೇಳಬಹುದೇ: ರಾಹುಲ್ ತಮ್ಮ ಅಸೈನ್‌ಮೆಂಟ್ ಸಲ್ಲಿಸಿದ್ದಾರೆಯೇ?,ASSIGNMENT,Kannada,clean_seed_or_one_step_variant,needs_native_review,validation,get_assignments,STUDENT,PARENT|STUDENT|TEACHER,YES,NONE,natural_query,YES,NO,READ
ನಾನು ಇದನ್ನು ತಿಳಿದುಕೊಳ್ಳಬೇಕು: ರಾಹುಲ್ ತಮ್ಮ ಅಸೈನ್‌ಮೆಂಟ್ ಸಲ್ಲಿಸಿದ್ದಾರೆಯೇ?,ASSIGNMENT,Kannada,clean_seed_or_one_step_variant,needs_native_review,test,get_assignments,STUDENT,PARENT|STUDENT|TEACHER,YES,NONE,natural_query,YES,NO,READ
ಇದನ್ನು ಪರಿಶೀಲಿಸಬಹುದೇ: ರಾಹುಲ್ ತಮ್ಮ ಅಸೈನ್‌ಮೆಂಟ್ ಸಲ್ಲಿಸಿದ್ದಾರೆಯೇ?,ASSIGNMENT,Kannada,clean_seed_or_one_step_variant,needs_native_review,train,get_assignments,STUDENT,PARENT|STUDENT|TEACHER,YES,NONE,natural_query,YES,NO,READ
ಕಳೆದ ತಿಂಗಳು ರಾಹುಲ್ ಅವರ ಹಾಜರಾತಿ ಎಷ್ಟು?,ATTENDANCE_HISTORY,Kannada,clean_seed_or_one_step_variant,needs_native_review,test,get_attendance_history,STUDENT,PARENT|PRINCIPAL|STUDENT|TEACHER,YES,ATTENDANCE_CONTEXT,natural_query,YES,NO,READ
ದಯವಿಟ್ಟು ಕಳೆದ ತಿಂಗಳು ರಾಹುಲ್ ಅವರ ಹಾಜರಾತಿ ಎಷ್ಟು?,ATTENDANCE_HISTORY,Kannada,clean_seed_or_one_step_variant,needs_native_review,train,get_attendance_history,STUDENT,PARENT|PRINCIPAL|STUDENT|TEACHER,YES,ATTENDANCE_CONTEXT,natural_query,YES,NO,READ
ನೀವು ಹೇಳಬಹುದೇ: ಕಳೆದ ತಿಂಗಳು ರಾಹುಲ್ ಅವರ ಹಾಜರಾತಿ ಎಷ್ಟು?,ATTENDANCE_HISTORY,Kannada,clean_seed_or_one_step_variant,needs_native_review,train,get_attendance_history,STUDENT,PARENT|PRINCIPAL|STUDENT|TEACHER,YES,ATTENDANCE_CONTEXT,natural_query,YES,NO,READ
ನಾನು ಇದನ್ನು ತಿಳಿದುಕೊಳ್ಳಬೇಕು: ಕಳೆದ ತಿಂಗಳು ರಾಹುಲ್ ಅವರ ಹಾಜರಾತಿ ಎಷ್ಟು?,ATTENDANCE_HISTORY,Kannada,clean_seed_or_one_step_variant,needs_native_review,train,get_attendance_history,STUDENT,PARENT|PRINCIPAL|STUDENT|TEACHER,YES,ATTENDANCE_CONTEXT,natural_query,YES,NO,READ
ಇದನ್ನು ಪರಿಶೀಲಿಸಬಹುದೇ: ಕಳೆದ ತಿಂಗಳು ರಾಹುಲ್ ಅವರ ಹಾಜರಾತಿ ಎಷ್ಟು?,ATTENDANCE_HISTORY,Kannada,clean_seed_or_one_step_variant,needs_native_review,validation,get_attendance_history,STUDENT,PARENT|PRINCIPAL|STUDENT|TEACHER,YES,ATTENDANCE_CONTEXT,natural_query,YES,NO,READ
ನನ್ನ ಮಗುವಿನ ಹಾಜರಾತಿ ಎಷ್ಟು ಇದೆ?,CHILD_ATTENDANCE,Kannada,clean_seed_or_one_step_variant,needs_native_review,train,get_child_attendance,PARENT,PARENT|PRINCIPAL|TEACHER,YES,ATTENDANCE_CONTEXT,short,YES,NO,READ
ರಾಹುಲ್‌ನ ಹಾಜರಾತಿಯನ್ನು ಪರಿಶೀಲಿಸಬಹುದೇ?,CHILD_ATTENDANCE,Kannada,clean_seed_or_one_step_variant,needs_native_review,test,get_child_attendance,PARENT,PARENT|PRINCIPAL|TEACHER,YES,ATTENDANCE_CONTEXT,short,YES,NO,READ
ನನ್ನ ಮಗನ ಹಾಜರಾತಿ ಹೇಗಿದೆ?,CHILD_ATTENDANCE,Kannada,clean_seed_or_one_step_variant,needs_native_review,validation,get_child_attendance,PARENT,PARENT|PRINCIPAL|TEACHER,YES,ATTENDANCE_CONTEXT,short,YES,NO,READ
ದಯವಿಟ್ಟು ನನ್ನ ಮಗುವಿನ ಹಾಜರಾತಿ ಎಷ್ಟು ಇದೆ?,CHILD_ATTENDANCE,Kannada,clean_seed_or_one_step_variant,needs_native_review,train,get_child_attendance,PARENT,PARENT|PRINCIPAL|TEACHER,YES,ATTENDANCE_CONTEXT,natural_query,YES,NO,READ
ದಯವಿಟ್ಟು ರಾಹುಲ್‌ನ ಹಾಜರಾತಿಯನ್ನು ಪರಿಶೀಲಿಸಬಹುದೇ?,CHILD_ATTENDANCE,Kannada,clean_seed_or_one_step_variant,needs_native_review,train,get_child_attendance,PARENT,PARENT|PRINCIPAL|TEACHER,YES,ATTENDANCE_CONTEXT,short,YES,NO,READ
ನನ್ನ ಮಗುವಿನ ಶಿಕ್ಷಕರೊಂದಿಗೆ ಮಾತನಾಡಬೇಕು.,ESCALATION,Kannada,clean_seed_or_one_step_variant,needs_native_review,train,create_escalation_request,PARENT,PARENT|PRINCIPAL|STUDENT|TEACHER,YES,NONE,short,YES,YES,ACTION
ನನ್ನನ್ನು ಶಿಕ್ಷಕರೊಂದಿಗೆ ಸಂಪರ್ಕಿಸಿ.,ESCALATION,Kannada,clean_seed_or_one_step_variant,needs_native_review,train,create_escalation_request,PARENT,PARENT|PRINCIPAL|STUDENT|TEACHER,YES,NONE,short,YES,YES,ACTION
ನಾನು ಶಾಲಾ ನಿರ್ವಹಣೆಯನ್ನು ಸಂಪರ್ಕಿಸಬೇಕು.,ESCALATION,Kannada,clean_seed_or_one_step_variant,needs_native_review,train,create_escalation_request,PARENT,PARENT|PRINCIPAL|STUDENT|TEACHER,YES,NONE,short,YES,YES,ACTION
ದಯವಿಟ್ಟು ನನ್ನ ಮಗುವಿನ ಶಿಕ್ಷಕರೊಂದಿಗೆ ಮಾತನಾಡಬೇಕು.,ESCALATION,Kannada,clean_seed_or_one_step_variant,needs_native_review,validation,create_escalation_request,PARENT,PARENT|PRINCIPAL|STUDENT|TEACHER,YES,NONE,short,YES,YES,ACTION
ದಯವಿಟ್ಟು ನನ್ನನ್ನು ಶಿಕ್ಷಕರೊಂದಿಗೆ ಸಂಪರ್ಕಿಸಿ.,ESCALATION,Kannada,clean_seed_or_one_step_variant,needs_native_review,test,create_escalation_request,PARENT,PARENT|PRINCIPAL|STUDENT|TEACHER,YES,NONE,short,YES,YES,ACTION
ನನ್ನ ಗಣಿತ ಪರೀಕ್ಷೆ ಯಾವಾಗ?,EXAM,Kannada,clean_seed_or_one_step_variant,needs_native_review,train,get_exams,STUDENT,PARENT|STUDENT|TEACHER,YES,NONE,short,YES,NO,READ
ಮುಂದಿನ ಪರೀಕ್ಷೆಗಳು ಯಾವುವು?,EXAM,Kannada,clean_seed_or_one_step_variant,needs_native_review,train,get_exams,STUDENT,PARENT|STUDENT|TEACHER,YES,NONE,short,YES,NO,READ
ಪರೀಕ್ಷೆಯ ವೇಳಾಪಟ್ಟಿಯನ್ನು ತಿಳಿಸಿ.,EXAM,Kannada,clean_seed_or_one_step_variant,needs_native_review,test,get_exams,STUDENT,PARENT|STUDENT|TEACHER,YES,NONE,short,YES,NO,READ
ದಯವಿಟ್ಟು ನನ್ನ ಗಣಿತ ಪರೀಕ್ಷೆ ಯಾವಾಗ?,EXAM,Kannada,clean_seed_or_one_step_variant,needs_native_review,validation,get_exams,STUDENT,PARENT|STUDENT|TEACHER,YES,NONE,short,YES,NO,READ
ದಯವಿಟ್ಟು ಮುಂದಿನ ಪರೀಕ್ಷೆಗಳು ಯಾವುವು?,EXAM,Kannada,clean_seed_or_one_step_variant,needs_native_review,train,get_exams,STUDENT,PARENT|STUDENT|TEACHER,YES,NONE,short,YES,NO,READ
ನನ್ನ ಮಗುವಿನ ಶುಲ್ಕದ ಸ್ಥಿತಿಯನ್ನು ತೋರಿಸಿ.,FEES,Kannada,clean_seed_or_one_step_variant,needs_native_review,train,get_fees,PARENT,PARENT|PRINCIPAL|STUDENT,YES,NONE,short,YES,NO,READ
ದಯವಿಟ್ಟು ನನ್ನ ಮಗುವಿನ ಶುಲ್ಕದ ಸ್ಥಿತಿಯನ್ನು ತೋರಿಸಿ.,FEES,Kannada,clean_seed_or_one_step_variant,needs_native_review,train,get_fees,PARENT,PARENT|PRINCIPAL|STUDENT,YES,NONE,natural_query,YES,NO,READ
ನೀವು ಹೇಳಬಹುದೇ: ನನ್ನ ಮಗುವಿನ ಶುಲ್ಕದ ಸ್ಥಿತಿಯನ್ನು ತೋರಿಸಿ.,FEES,Kannada,clean_seed_or_one_step_variant,needs_native_review,validation,get_fees,PARENT,PARENT|PRINCIPAL|STUDENT,YES,NONE,natural_query,YES,NO,READ
ನಾನು ಇದನ್ನು ತಿಳಿದುಕೊಳ್ಳಬೇಕು: ನನ್ನ ಮಗುವಿನ ಶುಲ್ಕದ ಸ್ಥಿತಿಯನ್ನು ತೋರಿಸಿ.,FEES,Kannada,clean_seed_or_one_step_variant,needs_native_review,test,get_fees,PARENT,PARENT|PRINCIPAL|STUDENT,YES,NONE,natural_query,YES,NO,READ
ಇದನ್ನು ಪರಿಶೀಲಿಸಬಹುದೇ: ನನ್ನ ಮಗುವಿನ ಶುಲ್ಕದ ಸ್ಥಿತಿಯನ್ನು ತೋರಿಸಿ.,FEES,Kannada,clean_seed_or_one_step_variant,needs_native_review,train,get_fees,PARENT,PARENT|PRINCIPAL|STUDENT,YES,NONE,natural_query,YES,NO,READ
ನೀವು ನನಗೆ ಹೇಗೆ ಸಹಾಯ ಮಾಡಬಹುದು?,GENERAL_HELP,Kannada,clean_seed_or_one_step_variant,needs_native_review,train,none,STUDENT,PARENT|PRINCIPAL|STUDENT|TEACHER,NO,NONE,short,NO,NO,READ
ದಯವಿಟ್ಟು ನೀವು ನನಗೆ ಹೇಗೆ ಸಹಾಯ ಮಾಡಬಹುದು?,GENERAL_HELP,Kannada,clean_seed_or_one_step_variant,needs_native_review,train,none,STUDENT,PARENT|PRINCIPAL|STUDENT|TEACHER,NO,NONE,natural_query,NO,NO,READ
ನೀವು ಹೇಳಬಹುದೇ: ನೀವು ನನಗೆ ಹೇಗೆ ಸಹಾಯ ಮಾಡಬಹುದು?,GENERAL_HELP,Kannada,clean_seed_or_one_step_variant,needs_native_review,validation,none,STUDENT,PARENT|PRINCIPAL|STUDENT|TEACHER,NO,NONE,natural_query,NO,NO,READ
ನಾನು ಇದನ್ನು ತಿಳಿದುಕೊಳ್ಳಬೇಕು: ನೀವು ನನಗೆ ಹೇಗೆ ಸಹಾಯ ಮಾಡಬಹುದು?,GENERAL_HELP,Kannada,clean_seed_or_one_step_variant,needs_native_review,train,none,STUDENT,PARENT|PRINCIPAL|STUDENT|TEACHER,NO,NONE,natural_query,NO,NO,READ
ಇದನ್ನು ಪರಿಶೀಲಿಸಬಹುದೇ: ನೀವು ನನಗೆ ಹೇಗೆ ಸಹಾಯ ಮಾಡಬಹುದು?,GENERAL_HELP,Kannada,clean_seed_or_one_step_variant,needs_native_review,test,none,STUDENT,PARENT|PRINCIPAL|STUDENT|TEACHER,NO,NONE,natural_query,NO,NO,READ
ನಮಸ್ಕಾರ,GREETING,Kannada,clean_seed_or_one_step_variant,needs_native_review,test,none,STUDENT,PARENT|PRINCIPAL|STUDENT|TEACHER,NO,NONE,short,NO,NO,READ
ದಯವಿಟ್ಟು ನಮಸ್ಕಾರ,GREETING,Kannada,clean_seed_or_one_step_variant,needs_native_review,train,none,STUDENT,PARENT|PRINCIPAL|STUDENT|TEACHER,NO,NONE,short,NO,NO,READ
ನೀವು ಹೇಳಬಹುದೇ: ನಮಸ್ಕಾರ,GREETING,Kannada,clean_seed_or_one_step_variant,needs_native_review,train,none,STUDENT,PARENT|PRINCIPAL|STUDENT|TEACHER,NO,NONE,short,NO,NO,READ
ನಾನು ಇದನ್ನು ತಿಳಿದುಕೊಳ್ಳಬೇಕು: ನಮಸ್ಕಾರ,GREETING,Kannada,clean_seed_or_one_step_variant,needs_native_review,validation,none,STUDENT,PARENT|PRINCIPAL|STUDENT|TEACHER,NO,NONE,short,NO,NO,READ
ಇದನ್ನು ಪರಿಶೀಲಿಸಬಹುದೇ: ನಮಸ್ಕಾರ,GREETING,Kannada,clean_seed_or_one_step_variant,needs_native_review,train,none,STUDENT,PARENT|PRINCIPAL|STUDENT|TEACHER,NO,NONE,short,NO,NO,READ
ರಾಹುಲ್‌ಗೆ ನಾಳೆ ರಜೆ ಕೇಳಬಹುದೇ?,LEAVE,Kannada,clean_seed_or_one_step_variant,needs_native_review,train,leave_service,PARENT,PARENT|STUDENT,YES,NONE,short,YES,YES,ACTION
ದಯವಿಟ್ಟು ರಾಹುಲ್‌ಗೆ ನಾಳೆ ರಜೆ ಕೇಳಬಹುದೇ?,LEAVE,Kannada,clean_seed_or_one_step_variant,needs_native_review,validation,leave_service,PARENT,PARENT|STUDENT,YES,NONE,short,YES,YES,ACTION
ನೀವು ಹೇಳಬಹುದೇ: ರಾಹುಲ್‌ಗೆ ನಾಳೆ ರಜೆ ಕೇಳಬಹುದೇ?,LEAVE,Kannada,clean_seed_or_one_step_variant,needs_native_review,test,leave_service,PARENT,PARENT|STUDENT,YES,NONE,natural_query,YES,YES,ACTION
ನಾನು ಇದನ್ನು ತಿಳಿದುಕೊಳ್ಳಬೇಕು: ರಾಹುಲ್‌ಗೆ ನಾಳೆ ರಜೆ ಕೇಳಬಹುದೇ?,LEAVE,Kannada,clean_seed_or_one_step_variant,needs_native_review,train,leave_service,PARENT,PARENT|STUDENT,YES,NONE,natural_query,YES,YES,ACTION
ಇದನ್ನು ಪರಿಶೀಲಿಸಬಹುದೇ: ರಾಹುಲ್‌ಗೆ ನಾಳೆ ರಜೆ ಕೇಳಬಹುದೇ?,LEAVE,Kannada,clean_seed_or_one_step_variant,needs_native_review,train,leave_service,PARENT,PARENT|STUDENT,YES,NONE,natural_query,YES,YES,ACTION
ರಾಹುಲ್ ಅವರನ್ನು ಇಂದು ಗೈರುಹಾಜರಾಗಿ ದಾಖಲಿಸಿ.,MARK_ATTENDANCE,Kannada,clean_seed_or_one_step_variant,needs_native_review,train,mark_attendance,TEACHER,TEACHER,YES,ATTENDANCE_CONTEXT,short,YES,YES,ACTION
ದಯವಿಟ್ಟು ರಾಹುಲ್ ಅವರನ್ನು ಇಂದು ಗೈರುಹಾಜರಾಗಿ ದಾಖಲಿಸಿ.,MARK_ATTENDANCE,Kannada,clean_seed_or_one_step_variant,needs_native_review,test,mark_attendance,TEACHER,TEACHER,YES,ATTENDANCE_CONTEXT,natural_query,YES,YES,ACTION
ನೀವು ಹೇಳಬಹುದೇ: ರಾಹುಲ್ ಅವರನ್ನು ಇಂದು ಗೈರುಹಾಜರಾಗಿ ದಾಖಲಿಸಿ.,MARK_ATTENDANCE,Kannada,clean_seed_or_one_step_variant,needs_native_review,train,mark_attendance,TEACHER,TEACHER,YES,ATTENDANCE_CONTEXT,natural_query,YES,YES,ACTION
ನಾನು ಇದನ್ನು ತಿಳಿದುಕೊಳ್ಳಬೇಕು: ರಾಹುಲ್ ಅವರನ್ನು ಇಂದು ಗೈರುಹಾಜರಾಗಿ ದಾಖಲಿಸಿ.,MARK_ATTENDANCE,Kannada,clean_seed_or_one_step_variant,needs_native_review,validation,mark_attendance,TEACHER,TEACHER,YES,ATTENDANCE_CONTEXT,natural_query,YES,YES,ACTION
ಇದನ್ನು ಪರಿಶೀಲಿಸಬಹುದೇ: ರಾಹುಲ್ ಅವರನ್ನು ಇಂದು ಗೈರುಹಾಜರಾಗಿ ದಾಖಲಿಸಿ.,MARK_ATTENDANCE,Kannada,clean_seed_or_one_step_variant,needs_native_review,train,mark_attendance,TEACHER,TEACHER,YES,ATTENDANCE_CONTEXT,natural_query,YES,YES,ACTION
ನನ್ನ ಕಾಲೇಜು ಅಸೈನ್‌ಮೆಂಟ್ ಬರೆಯಿರಿ.,OUT_OF_SCOPE,Kannada,clean_seed_or_one_step_variant,needs_native_review,test,blocked,STUDENT,PARENT|PRINCIPAL|STUDENT|TEACHER,NO,NONE,short,NO,NO,BLOCK
ದಯವಿಟ್ಟು ನನ್ನ ಕಾಲೇಜು ಅಸೈನ್‌ಮೆಂಟ್ ಬರೆಯಿರಿ.,OUT_OF_SCOPE,Kannada,clean_seed_or_one_step_variant,needs_native_review,train,blocked,STUDENT,PARENT|PRINCIPAL|STUDENT|TEACHER,NO,NONE,short,NO,NO,BLOCK
ನೀವು ಹೇಳಬಹುದೇ: ನನ್ನ ಕಾಲೇಜು ಅಸೈನ್‌ಮೆಂಟ್ ಬರೆಯಿರಿ.,OUT_OF_SCOPE,Kannada,clean_seed_or_one_step_variant,needs_native_review,validation,blocked,STUDENT,PARENT|PRINCIPAL|STUDENT|TEACHER,NO,NONE,natural_query,NO,NO,BLOCK
ನಾನು ಇದನ್ನು ತಿಳಿದುಕೊಳ್ಳಬೇಕು: ನನ್ನ ಕಾಲೇಜು ಅಸೈನ್‌ಮೆಂಟ್ ಬರೆಯಿರಿ.,OUT_OF_SCOPE,Kannada,clean_seed_or_one_step_variant,needs_native_review,train,blocked,STUDENT,PARENT|PRINCIPAL|STUDENT|TEACHER,NO,NONE,natural_query,NO,NO,BLOCK
ಇದನ್ನು ಪರಿಶೀಲಿಸಬಹುದೇ: ನನ್ನ ಕಾಲೇಜು ಅಸೈನ್‌ಮೆಂಟ್ ಬರೆಯಿರಿ.,OUT_OF_SCOPE,Kannada,clean_seed_or_one_step_variant,needs_native_review,train,blocked,STUDENT,PARENT|PRINCIPAL|STUDENT|TEACHER,NO,NONE,natural_query,NO,NO,BLOCK
ನನ್ನ ಹಾಜರಾತಿ ಎಷ್ಟು ಇದೆ?,OWN_ATTENDANCE,Kannada,clean_seed_or_one_step_variant,needs_native_review,train,get_my_attendance,STUDENT,PARENT|PRINCIPAL|STUDENT|TEACHER,YES,ATTENDANCE_CONTEXT,short,YES,NO,READ
ನನ್ನ ಹಾಜರಾತಿ ಶೇಕಡಾವಾರು ಎಷ್ಟು?,OWN_ATTENDANCE,Kannada,clean_seed_or_one_step_variant,needs_native_review,test,get_my_attendance,STUDENT,PARENT|PRINCIPAL|STUDENT|TEACHER,YES,ATTENDANCE_CONTEXT,short,YES,NO,READ
ನನ್ನ ಹಾಜರಾತಿಯನ್ನು ಪರಿಶೀಲಿಸಬಹುದೇ?,OWN_ATTENDANCE,Kannada,clean_seed_or_one_step_variant,needs_native_review,validation,get_my_attendance,STUDENT,PARENT|PRINCIPAL|STUDENT|TEACHER,YES,ATTENDANCE_CONTEXT,short,YES,NO,READ
ದಯವಿಟ್ಟು ನನ್ನ ಹಾಜರಾತಿ ಎಷ್ಟು ಇದೆ?,OWN_ATTENDANCE,Kannada,clean_seed_or_one_step_variant,needs_native_review,train,get_my_attendance,STUDENT,PARENT|PRINCIPAL|STUDENT|TEACHER,YES,ATTENDANCE_CONTEXT,short,YES,NO,READ
ದಯವಿಟ್ಟು ನನ್ನ ಹಾಜರಾತಿ ಶೇಕಡಾವಾರು ಎಷ್ಟು?,OWN_ATTENDANCE,Kannada,clean_seed_or_one_step_variant,needs_native_review,train,get_my_attendance,STUDENT,PARENT|PRINCIPAL|STUDENT|TEACHER,YES,ATTENDANCE_CONTEXT,short,YES,NO,READ
ಶಾಲೆಯ ಒಟ್ಟು ಹಾಜರಾತಿ ವರದಿಯನ್ನು ತೋರಿಸಿ.,SCHOOL_ANALYTICS,Kannada,clean_seed_or_one_step_variant,needs_native_review,test,get_school_analytics,PRINCIPAL,PRINCIPAL,YES,ATTENDANCE_CONTEXT,short,YES,NO,READ
ದಯವಿಟ್ಟು ಶಾಲೆಯ ಒಟ್ಟು ಹಾಜರಾತಿ ವರದಿಯನ್ನು ತೋರಿಸಿ.,SCHOOL_ANALYTICS,Kannada,clean_seed_or_one_step_variant,needs_native_review,train,get_school_analytics,PRINCIPAL,PRINCIPAL,YES,ATTENDANCE_CONTEXT,natural_query,YES,NO,READ
ನೀವು ಹೇಳಬಹುದೇ: ಶಾಲೆಯ ಒಟ್ಟು ಹಾಜರಾತಿ ವರದಿಯನ್ನು ತೋರಿಸಿ.,SCHOOL_ANALYTICS,Kannada,clean_seed_or_one_step_variant,needs_native_review,validation,get_school_analytics,PRINCIPAL,PRINCIPAL,YES,ATTENDANCE_CONTEXT,natural_query,YES,NO,READ
ನಾನು ಇದನ್ನು ತಿಳಿದುಕೊಳ್ಳಬೇಕು: ಶಾಲೆಯ ಒಟ್ಟು ಹಾಜರಾತಿ ವರದಿಯನ್ನು ತೋರಿಸಿ.,SCHOOL_ANALYTICS,Kannada,clean_seed_or_one_step_variant,needs_native_review,train,get_school_analytics,PRINCIPAL,PRINCIPAL,YES,ATTENDANCE_CONTEXT,natural_query,YES,NO,READ
ಇದನ್ನು ಪರಿಶೀಲಿಸಬಹುದೇ: ಶಾಲೆಯ ಒಟ್ಟು ಹಾಜರಾತಿ ವರದಿಯನ್ನು ತೋರಿಸಿ.,SCHOOL_ANALYTICS,Kannada,clean_seed_or_one_step_variant,needs_native_review,train,get_school_analytics,PRINCIPAL,PRINCIPAL,YES,ATTENDANCE_CONTEXT,natural_query,YES,NO,READ
ನಾಳೆ ರಾಹುಲ್‌ನ ವೇಳಾಪಟ್ಟಿ ಏನು?,TIMETABLE,Kannada,clean_seed_or_one_step_variant,needs_native_review,train,get_timetable,STUDENT,PARENT|STUDENT|TEACHER,YES,NONE,short,YES,NO,READ
ನಾಳೆ ನನಗೆ ಯಾವ ತರಗತಿಗಳಿವೆ?,TIMETABLE,Kannada,clean_seed_or_one_step_variant,needs_native_review,test,get_timetable,STUDENT,PARENT|STUDENT|TEACHER,YES,NONE,short,YES,NO,READ
ನನ್ನ ವೇಳಾಪಟ್ಟಿಯನ್ನು ತೋರಿಸಿ.,TIMETABLE,Kannada,clean_seed_or_one_step_variant,needs_native_review,validation,get_timetable,STUDENT,PARENT|STUDENT|TEACHER,YES,NONE,short,YES,NO,READ
ದಯವಿಟ್ಟು ನಾಳೆ ರಾಹುಲ್‌ನ ವೇಳಾಪಟ್ಟಿ ಏನು?,TIMETABLE,Kannada,clean_seed_or_one_step_variant,needs_native_review,train,get_timetable,STUDENT,PARENT|STUDENT|TEACHER,YES,NONE,short,YES,NO,READ
ದಯವಿಟ್ಟು ನಾಳೆ ನನಗೆ ಯಾವ ತರಗತಿಗಳಿವೆ?,TIMETABLE,Kannada,clean_seed_or_one_step_variant,needs_native_review,train,get_timetable,STUDENT,PARENT|STUDENT|TEACHER,YES,NONE,short,YES,NO,READ
രാഹുലിന്റെ പഠന പുരോഗതി എങ്ങനെയാണ്?,ACADEMIC_PERFORMANCE,Malayalam,clean_seed_or_one_step_variant,needs_native_review,train,get_academic_performance,STUDENT,PARENT|STUDENT|TEACHER,YES,NONE,short,YES,NO,READ
ദയവായി രാഹുലിന്റെ പഠന പുരോഗതി എങ്ങനെയാണ്?,ACADEMIC_PERFORMANCE,Malayalam,clean_seed_or_one_step_variant,needs_native_review,test,get_academic_performance,STUDENT,PARENT|STUDENT|TEACHER,YES,NONE,short,YES,NO,READ
പറയാമോ: രാഹുലിന്റെ പഠന പുരോഗതി എങ്ങനെയാണ്?,ACADEMIC_PERFORMANCE,Malayalam,clean_seed_or_one_step_variant,needs_native_review,train,get_academic_performance,STUDENT,PARENT|STUDENT|TEACHER,YES,NONE,short,YES,NO,READ
എനിക്ക് ഇത് അറിയണം: രാഹുലിന്റെ പഠന പുരോഗതി എങ്ങനെയാണ്?,ACADEMIC_PERFORMANCE,Malayalam,clean_seed_or_one_step_variant,needs_native_review,train,get_academic_performance,STUDENT,PARENT|STUDENT|TEACHER,YES,NONE,natural_query,YES,NO,READ
ഇത് പരിശോധിക്കാമോ: രാഹുലിന്റെ പഠന പുരോഗതി എങ്ങനെയാണ്?,ACADEMIC_PERFORMANCE,Malayalam,clean_seed_or_one_step_variant,needs_native_review,validation,get_academic_performance,STUDENT,PARENT|STUDENT|TEACHER,YES,NONE,natural_query,YES,NO,READ
സ്കൂളിന്റെ പുതിയ അറിയിപ്പുകൾ കാണിക്കൂ.,ANNOUNCEMENT,Malayalam,clean_seed_or_one_step_variant,needs_native_review,train,get_announcements,PARENT,PARENT|PRINCIPAL|STUDENT|TEACHER,YES,NONE,short,YES,NO,READ
ദയവായി സ്കൂളിന്റെ പുതിയ അറിയിപ്പുകൾ കാണിക്കൂ.,ANNOUNCEMENT,Malayalam,clean_seed_or_one_step_variant,needs_native_review,train,get_announcements,PARENT,PARENT|PRINCIPAL|STUDENT|TEACHER,YES,NONE,short,YES,NO,READ
പറയാമോ: സ്കൂളിന്റെ പുതിയ അറിയിപ്പുകൾ കാണിക്കൂ.,ANNOUNCEMENT,Malayalam,clean_seed_or_one_step_variant,needs_native_review,test,get_announcements,PARENT,PARENT|PRINCIPAL|STUDENT|TEACHER,YES,NONE,short,YES,NO,READ
എനിക്ക് ഇത് അറിയണം: സ്കൂളിന്റെ പുതിയ അറിയിപ്പുകൾ കാണിക്കൂ.,ANNOUNCEMENT,Malayalam,clean_seed_or_one_step_variant,needs_native_review,validation,get_announcements,PARENT,PARENT|PRINCIPAL|STUDENT|TEACHER,YES,NONE,natural_query,YES,NO,READ
ഇത് പരിശോധിക്കാമോ: സ്കൂളിന്റെ പുതിയ അറിയിപ്പുകൾ കാണിക്കൂ.,ANNOUNCEMENT,Malayalam,clean_seed_or_one_step_variant,needs_native_review,train,get_announcements,PARENT,PARENT|PRINCIPAL|STUDENT|TEACHER,YES,NONE,natural_query,YES,NO,READ
രാഹുൽ അസൈൻമെന്റ് സമർപ്പിച്ചോ?,ASSIGNMENT,Malayalam,clean_seed_or_one_step_variant,needs_native_review,train,get_assignments,STUDENT,PARENT|STUDENT|TEACHER,YES,NONE,short,YES,NO,READ
ദയവായി രാഹുൽ അസൈൻമെന്റ് സമർപ്പിച്ചോ?,ASSIGNMENT,Malayalam,clean_seed_or_one_step_variant,needs_native_review,train,get_assignments,STUDENT,PARENT|STUDENT|TEACHER,YES,NONE,short,YES,NO,READ
പറയാമോ: രാഹുൽ അസൈൻമെന്റ് സമർപ്പിച്ചോ?,ASSIGNMENT,Malayalam,clean_seed_or_one_step_variant,needs_native_review,test,get_assignments,STUDENT,PARENT|STUDENT|TEACHER,YES,NONE,short,YES,NO,READ
എനിക്ക് ഇത് അറിയണം: രാഹുൽ അസൈൻമെന്റ് സമർപ്പിച്ചോ?,ASSIGNMENT,Malayalam,clean_seed_or_one_step_variant,needs_native_review,validation,get_assignments,STUDENT,PARENT|STUDENT|TEACHER,YES,NONE,natural_query,YES,NO,READ
ഇത് പരിശോധിക്കാമോ: രാഹുൽ അസൈൻമെന്റ് സമർപ്പിച്ചോ?,ASSIGNMENT,Malayalam,clean_seed_or_one_step_variant,needs_native_review,train,get_assignments,STUDENT,PARENT|STUDENT|TEACHER,YES,NONE,short,YES,NO,READ
കഴിഞ്ഞ മാസം രാഹുലിന്റെ ഹാജർ എത്രയായിരുന്നു?,ATTENDANCE_HISTORY,Malayalam,clean_seed_or_one_step_variant,needs_native_review,train,get_attendance_history,STUDENT,PARENT|PRINCIPAL|STUDENT|TEACHER,YES,ATTENDANCE_CONTEXT,short,YES,NO,READ
ദയവായി കഴിഞ്ഞ മാസം രാഹുലിന്റെ ഹാജർ എത്രയായിരുന്നു?,ATTENDANCE_HISTORY,Malayalam,clean_seed_or_one_step_variant,needs_native_review,train,get_attendance_history,STUDENT,PARENT|PRINCIPAL|STUDENT|TEACHER,YES,ATTENDANCE_CONTEXT,natural_query,YES,NO,READ
പറയാമോ: കഴിഞ്ഞ മാസം രാഹുലിന്റെ ഹാജർ എത്രയായിരുന്നു?,ATTENDANCE_HISTORY,Malayalam,clean_seed_or_one_step_variant,needs_native_review,test,get_attendance_history,STUDENT,PARENT|PRINCIPAL|STUDENT|TEACHER,YES,ATTENDANCE_CONTEXT,natural_query,YES,NO,READ
എനിക്ക് ഇത് അറിയണം: കഴിഞ്ഞ മാസം രാഹുലിന്റെ ഹാജർ എത്രയായിരുന്നു?,ATTENDANCE_HISTORY,Malayalam,clean_seed_or_one_step_variant,needs_native_review,validation,get_attendance_history,STUDENT,PARENT|PRINCIPAL|STUDENT|TEACHER,YES,ATTENDANCE_CONTEXT,natural_query,YES,NO,READ
ഇത് പരിശോധിക്കാമോ: കഴിഞ്ഞ മാസം രാഹുലിന്റെ ഹാജർ എത്രയായിരുന്നു?,ATTENDANCE_HISTORY,Malayalam,clean_seed_or_one_step_variant,needs_native_review,train,get_attendance_history,STUDENT,PARENT|PRINCIPAL|STUDENT|TEACHER,YES,ATTENDANCE_CONTEXT,natural_query,YES,NO,READ
എന്റെ കുട്ടിയുടെ ഹാജർ എത്രയാണ്?,CHILD_ATTENDANCE,Malayalam,clean_seed_or_one_step_variant,needs_native_review,validation,get_child_attendance,PARENT,PARENT|PRINCIPAL|TEACHER,YES,ATTENDANCE_CONTEXT,short,YES,NO,READ
രാഹുലിന്റെ ഹാജർ പരിശോധിക്കാമോ?,CHILD_ATTENDANCE,Malayalam,clean_seed_or_one_step_variant,needs_native_review,train,get_child_attendance,PARENT,PARENT|PRINCIPAL|TEACHER,YES,ATTENDANCE_CONTEXT,short,YES,NO,READ
എന്റെ മകന്റെ ഹാജർ എങ്ങനെയാണ്?,CHILD_ATTENDANCE,Malayalam,clean_seed_or_one_step_variant,needs_native_review,train,get_child_attendance,PARENT,PARENT|PRINCIPAL|TEACHER,YES,ATTENDANCE_CONTEXT,short,YES,NO,READ
ദയവായി എന്റെ കുട്ടിയുടെ ഹാജർ എത്രയാണ്?,CHILD_ATTENDANCE,Malayalam,clean_seed_or_one_step_variant,needs_native_review,test,get_child_attendance,PARENT,PARENT|PRINCIPAL|TEACHER,YES,ATTENDANCE_CONTEXT,short,YES,NO,READ
ദയവായി രാഹുലിന്റെ ഹാജർ പരിശോധിക്കാമോ?,CHILD_ATTENDANCE,Malayalam,clean_seed_or_one_step_variant,needs_native_review,train,get_child_attendance,PARENT,PARENT|PRINCIPAL|TEACHER,YES,ATTENDANCE_CONTEXT,short,YES,NO,READ
എന്റെ കുട്ടിയുടെ അധ്യാപകനോട് സംസാരിക്കണം.,ESCALATION,Malayalam,clean_seed_or_one_step_variant,needs_native_review,train,create_escalation_request,PARENT,PARENT|PRINCIPAL|STUDENT|TEACHER,YES,NONE,short,YES,YES,ACTION
എന്നെ അധ്യാപകനുമായി ബന്ധിപ്പിക്കൂ.,ESCALATION,Malayalam,clean_seed_or_one_step_variant,needs_native_review,train,create_escalation_request,PARENT,PARENT|PRINCIPAL|STUDENT|TEACHER,YES,NONE,short,YES,YES,ACTION
എനിക്ക് സ്കൂൾ മാനേജ്മെന്റുമായി ബന്ധപ്പെടണം.,ESCALATION,Malayalam,clean_seed_or_one_step_variant,needs_native_review,validation,create_escalation_request,PARENT,PARENT|PRINCIPAL|STUDENT|TEACHER,YES,NONE,short,YES,YES,ACTION
ദയവായി എന്റെ കുട്ടിയുടെ അധ്യാപകനോട് സംസാരിക്കണം.,ESCALATION,Malayalam,clean_seed_or_one_step_variant,needs_native_review,train,create_escalation_request,PARENT,PARENT|PRINCIPAL|STUDENT|TEACHER,YES,NONE,short,YES,YES,ACTION
ദയവായി എന്നെ അധ്യാപകനുമായി ബന്ധിപ്പിക്കൂ.,ESCALATION,Malayalam,clean_seed_or_one_step_variant,needs_native_review,test,create_escalation_request,PARENT,PARENT|PRINCIPAL|STUDENT|TEACHER,YES,NONE,short,YES,YES,ACTION
എന്റെ ഗണിത പരീക്ഷ എപ്പോഴാണ്?,EXAM,Malayalam,clean_seed_or_one_step_variant,needs_native_review,train,get_exams,STUDENT,PARENT|STUDENT|TEACHER,YES,NONE,short,YES,NO,READ
വരാനിരിക്കുന്ന പരീക്ഷകൾ ഏതൊക്കെയാണ്?,EXAM,Malayalam,clean_seed_or_one_step_variant,needs_native_review,test,get_exams,STUDENT,PARENT|STUDENT|TEACHER,YES,NONE,short,YES,NO,READ
പരീക്ഷയുടെ ടൈംടേബിൾ പറയൂ.,EXAM,Malayalam,clean_seed_or_one_step_variant,needs_native_review,train,get_exams,STUDENT,PARENT|STUDENT|TEACHER,YES,NONE,short,YES,NO,READ
ദയവായി എന്റെ ഗണിത പരീക്ഷ എപ്പോഴാണ്?,EXAM,Malayalam,clean_seed_or_one_step_variant,needs_native_review,validation,get_exams,STUDENT,PARENT|STUDENT|TEACHER,YES,NONE,short,YES,NO,READ
ദയവായി വരാനിരിക്കുന്ന പരീക്ഷകൾ ഏതൊക്കെയാണ്?,EXAM,Malayalam,clean_seed_or_one_step_variant,needs_native_review,train,get_exams,STUDENT,PARENT|STUDENT|TEACHER,YES,NONE,short,YES,NO,READ
എന്റെ കുട്ടിയുടെ ഫീസ് നില കാണിക്കൂ.,FEES,Malayalam,clean_seed_or_one_step_variant,needs_native_review,train,get_fees,PARENT,PARENT|PRINCIPAL|STUDENT,YES,NONE,short,YES,NO,READ
ദയവായി എന്റെ കുട്ടിയുടെ ഫീസ് നില കാണിക്കൂ.,FEES,Malayalam,clean_seed_or_one_step_variant,needs_native_review,train,get_fees,PARENT,PARENT|PRINCIPAL|STUDENT,YES,NONE,natural_query,YES,NO,READ
പറയാമോ: എന്റെ കുട്ടിയുടെ ഫീസ് നില കാണിക്കൂ.,FEES,Malayalam,clean_seed_or_one_step_variant,needs_native_review,train,get_fees,PARENT,PARENT|PRINCIPAL|STUDENT,YES,NONE,natural_query,YES,NO,READ
എനിക്ക് ഇത് അറിയണം: എന്റെ കുട്ടിയുടെ ഫീസ് നില കാണിക്കൂ.,FEES,Malayalam,clean_seed_or_one_step_variant,needs_native_review,test,get_fees,PARENT,PARENT|PRINCIPAL|STUDENT,YES,NONE,natural_query,YES,NO,READ
ഇത് പരിശോധിക്കാമോ: എന്റെ കുട്ടിയുടെ ഫീസ് നില കാണിക്കൂ.,FEES,Malayalam,clean_seed_or_one_step_variant,needs_native_review,validation,get_fees,PARENT,PARENT|PRINCIPAL|STUDENT,YES,NONE,natural_query,YES,NO,READ
നിങ്ങൾക്ക് എന്നെ എങ്ങനെ സഹായിക്കാം?,GENERAL_HELP,Malayalam,clean_seed_or_one_step_variant,needs_native_review,test,none,STUDENT,PARENT|PRINCIPAL|STUDENT|TEACHER,NO,NONE,short,NO,NO,READ
ദയവായി നിങ്ങൾക്ക് എന്നെ എങ്ങനെ സഹായിക്കാം?,GENERAL_HELP,Malayalam,clean_seed_or_one_step_variant,needs_native_review,train,none,STUDENT,PARENT|PRINCIPAL|STUDENT|TEACHER,NO,NONE,short,NO,NO,READ
പറയാമോ: നിങ്ങൾക്ക് എന്നെ എങ്ങനെ സഹായിക്കാം?,GENERAL_HELP,Malayalam,clean_seed_or_one_step_variant,needs_native_review,train,none,STUDENT,PARENT|PRINCIPAL|STUDENT|TEACHER,NO,NONE,short,NO,NO,READ
എനിക്ക് ഇത് അറിയണം: നിങ്ങൾക്ക് എന്നെ എങ്ങനെ സഹായിക്കാം?,GENERAL_HELP,Malayalam,clean_seed_or_one_step_variant,needs_native_review,train,none,STUDENT,PARENT|PRINCIPAL|STUDENT|TEACHER,NO,NONE,natural_query,NO,NO,READ
ഇത് പരിശോധിക്കാമോ: നിങ്ങൾക്ക് എന്നെ എങ്ങനെ സഹായിക്കാം?,GENERAL_HELP,Malayalam,clean_seed_or_one_step_variant,needs_native_review,validation,none,STUDENT,PARENT|PRINCIPAL|STUDENT|TEACHER,NO,NONE,natural_query,NO,NO,READ
നമസ്കാരം,GREETING,Malayalam,clean_seed_or_one_step_variant,needs_native_review,train,none,STUDENT,PARENT|PRINCIPAL|STUDENT|TEACHER,NO,NONE,short,NO,NO,READ
ദയവായി നമസ്കാരം,GREETING,Malayalam,clean_seed_or_one_step_variant,needs_native_review,train,none,STUDENT,PARENT|PRINCIPAL|STUDENT|TEACHER,NO,NONE,short,NO,NO,READ
പറയാമോ: നമസ്കാരം,GREETING,Malayalam,clean_seed_or_one_step_variant,needs_native_review,test,none,STUDENT,PARENT|PRINCIPAL|STUDENT|TEACHER,NO,NONE,short,NO,NO,READ
എനിക്ക് ഇത് അറിയണം: നമസ്കാരം,GREETING,Malayalam,clean_seed_or_one_step_variant,needs_native_review,validation,none,STUDENT,PARENT|PRINCIPAL|STUDENT|TEACHER,NO,NONE,short,NO,NO,READ
ഇത് പരിശോധിക്കാമോ: നമസ്കാരം,GREETING,Malayalam,clean_seed_or_one_step_variant,needs_native_review,train,none,STUDENT,PARENT|PRINCIPAL|STUDENT|TEACHER,NO,NONE,short,NO,NO,READ
രാഹുലിന് നാളെ അവധി ചോദിക്കാമോ?,LEAVE,Malayalam,clean_seed_or_one_step_variant,needs_native_review,validation,leave_service,PARENT,PARENT|STUDENT,YES,NONE,short,YES,YES,ACTION
ദയവായി രാഹുലിന് നാളെ അവധി ചോദിക്കാമോ?,LEAVE,Malayalam,clean_seed_or_one_step_variant,needs_native_review,train,leave_service,PARENT,PARENT|STUDENT,YES,NONE,short,YES,YES,ACTION
പറയാമോ: രാഹുലിന് നാളെ അവധി ചോദിക്കാമോ?,LEAVE,Malayalam,clean_seed_or_one_step_variant,needs_native_review,test,leave_service,PARENT,PARENT|STUDENT,YES,NONE,short,YES,YES,ACTION
എനിക്ക് ഇത് അറിയണം: രാഹുലിന് നാളെ അവധി ചോദിക്കാമോ?,LEAVE,Malayalam,clean_seed_or_one_step_variant,needs_native_review,train,leave_service,PARENT,PARENT|STUDENT,YES,NONE,natural_query,YES,YES,ACTION
ഇത് പരിശോധിക്കാമോ: രാഹുലിന് നാളെ അവധി ചോദിക്കാമോ?,LEAVE,Malayalam,clean_seed_or_one_step_variant,needs_native_review,train,leave_service,PARENT,PARENT|STUDENT,YES,NONE,natural_query,YES,YES,ACTION
രാഹുലിനെ ഇന്ന് ഹാജരാകാത്തതായി രേഖപ്പെടുത്തൂ.,MARK_ATTENDANCE,Malayalam,clean_seed_or_one_step_variant,needs_native_review,train,mark_attendance,TEACHER,TEACHER,YES,ATTENDANCE_CONTEXT,short,YES,YES,ACTION
ദയവായി രാഹുലിനെ ഇന്ന് ഹാജരാകാത്തതായി രേഖപ്പെടുത്തൂ.,MARK_ATTENDANCE,Malayalam,clean_seed_or_one_step_variant,needs_native_review,validation,mark_attendance,TEACHER,TEACHER,YES,ATTENDANCE_CONTEXT,short,YES,YES,ACTION
പറയാമോ: രാഹുലിനെ ഇന്ന് ഹാജരാകാത്തതായി രേഖപ്പെടുത്തൂ.,MARK_ATTENDANCE,Malayalam,clean_seed_or_one_step_variant,needs_native_review,train,mark_attendance,TEACHER,TEACHER,YES,ATTENDANCE_CONTEXT,short,YES,YES,ACTION
എനിക്ക് ഇത് അറിയണം: രാഹുലിനെ ഇന്ന് ഹാജരാകാത്തതായി രേഖപ്പെടുത്തൂ.,MARK_ATTENDANCE,Malayalam,clean_seed_or_one_step_variant,needs_native_review,train,mark_attendance,TEACHER,TEACHER,YES,ATTENDANCE_CONTEXT,natural_query,YES,YES,ACTION
ഇത് പരിശോധിക്കാമോ: രാഹുലിനെ ഇന്ന് ഹാജരാകാത്തതായി രേഖപ്പെടുത്തൂ.,MARK_ATTENDANCE,Malayalam,clean_seed_or_one_step_variant,needs_native_review,test,mark_attendance,TEACHER,TEACHER,YES,ATTENDANCE_CONTEXT,natural_query,YES,YES,ACTION
എന്റെ കോളേജ് അസൈൻമെന്റ് എഴുതൂ.,OUT_OF_SCOPE,Malayalam,clean_seed_or_one_step_variant,needs_native_review,train,blocked,STUDENT,PARENT|PRINCIPAL|STUDENT|TEACHER,NO,NONE,short,NO,NO,BLOCK
ദയവായി എന്റെ കോളേജ് അസൈൻമെന്റ് എഴുതൂ.,OUT_OF_SCOPE,Malayalam,clean_seed_or_one_step_variant,needs_native_review,train,blocked,STUDENT,PARENT|PRINCIPAL|STUDENT|TEACHER,NO,NONE,short,NO,NO,BLOCK
പറയാമോ: എന്റെ കോളേജ് അസൈൻമെന്റ് എഴുതൂ.,OUT_OF_SCOPE,Malayalam,clean_seed_or_one_step_variant,needs_native_review,validation,blocked,STUDENT,PARENT|PRINCIPAL|STUDENT|TEACHER,NO,NONE,short,NO,NO,BLOCK
എനിക്ക് ഇത് അറിയണം: എന്റെ കോളേജ് അസൈൻമെന്റ് എഴുതൂ.,OUT_OF_SCOPE,Malayalam,clean_seed_or_one_step_variant,needs_native_review,train,blocked,STUDENT,PARENT|PRINCIPAL|STUDENT|TEACHER,NO,NONE,natural_query,NO,NO,BLOCK
ഇത് പരിശോധിക്കാമോ: എന്റെ കോളേജ് അസൈൻമെന്റ് എഴുതൂ.,OUT_OF_SCOPE,Malayalam,clean_seed_or_one_step_variant,needs_native_review,test,blocked,STUDENT,PARENT|PRINCIPAL|STUDENT|TEACHER,NO,NONE,natural_query,NO,NO,BLOCK
എന്റെ ഹാജർ എത്രയാണ്?,OWN_ATTENDANCE,Malayalam,clean_seed_or_one_step_variant,needs_native_review,validation,get_my_attendance,STUDENT,PARENT|PRINCIPAL|STUDENT|TEACHER,YES,ATTENDANCE_CONTEXT,short,YES,NO,READ
എന്റെ ഹാജർ ശതമാനം എത്രയാണ്?,OWN_ATTENDANCE,Malayalam,clean_seed_or_one_step_variant,needs_native_review,test,get_my_attendance,STUDENT,PARENT|PRINCIPAL|STUDENT|TEACHER,YES,ATTENDANCE_CONTEXT,short,YES,NO,READ
എന്റെ ഹാജർ പരിശോധിക്കാമോ?,OWN_ATTENDANCE,Malayalam,clean_seed_or_one_step_variant,needs_native_review,train,get_my_attendance,STUDENT,PARENT|PRINCIPAL|STUDENT|TEACHER,YES,ATTENDANCE_CONTEXT,short,YES,NO,READ
ദയവായി എന്റെ ഹാജർ എത്രയാണ്?,OWN_ATTENDANCE,Malayalam,clean_seed_or_one_step_variant,needs_native_review,train,get_my_attendance,STUDENT,PARENT|PRINCIPAL|STUDENT|TEACHER,YES,ATTENDANCE_CONTEXT,short,YES,NO,READ
ദയവായി എന്റെ ഹാജർ ശതമാനം എത്രയാണ്?,OWN_ATTENDANCE,Malayalam,clean_seed_or_one_step_variant,needs_native_review,train,get_my_attendance,STUDENT,PARENT|PRINCIPAL|STUDENT|TEACHER,YES,ATTENDANCE_CONTEXT,short,YES,NO,READ
സ്കൂളിന്റെ മൊത്തം ഹാജർ റിപ്പോർട്ട് കാണിക്കൂ.,SCHOOL_ANALYTICS,Malayalam,clean_seed_or_one_step_variant,needs_native_review,train,get_school_analytics,PRINCIPAL,PRINCIPAL,YES,ATTENDANCE_CONTEXT,short,YES,NO,READ
ദയവായി സ്കൂളിന്റെ മൊത്തം ഹാജർ റിപ്പോർട്ട് കാണിക്കൂ.,SCHOOL_ANALYTICS,Malayalam,clean_seed_or_one_step_variant,needs_native_review,train,get_school_analytics,PRINCIPAL,PRINCIPAL,YES,ATTENDANCE_CONTEXT,natural_query,YES,NO,READ
പറയാമോ: സ്കൂളിന്റെ മൊത്തം ഹാജർ റിപ്പോർട്ട് കാണിക്കൂ.,SCHOOL_ANALYTICS,Malayalam,clean_seed_or_one_step_variant,needs_native_review,validation,get_school_analytics,PRINCIPAL,PRINCIPAL,YES,ATTENDANCE_CONTEXT,natural_query,YES,NO,READ
എനിക്ക് ഇത് അറിയണം: സ്കൂളിന്റെ മൊത്തം ഹാജർ റിപ്പോർട്ട് കാണിക്കൂ.,SCHOOL_ANALYTICS,Malayalam,clean_seed_or_one_step_variant,needs_native_review,train,get_school_analytics,PRINCIPAL,PRINCIPAL,YES,ATTENDANCE_CONTEXT,natural_query,YES,NO,READ
ഇത് പരിശോധിക്കാമോ: സ്കൂളിന്റെ മൊത്തം ഹാജർ റിപ്പോർട്ട് കാണിക്കൂ.,SCHOOL_ANALYTICS,Malayalam,clean_seed_or_one_step_variant,needs_native_review,test,get_school_analytics,PRINCIPAL,PRINCIPAL,YES,ATTENDANCE_CONTEXT,natural_query,YES,NO,READ
നാളെ രാഹുലിന്റെ ടൈംടേബിൾ എന്താണ്?,TIMETABLE,Malayalam,clean_seed_or_one_step_variant,needs_native_review,validation,get_timetable,STUDENT,PARENT|STUDENT|TEACHER,YES,NONE,short,YES,NO,READ
നാളെ എനിക്ക് ഏത് ക്ലാസുകളുണ്ട്?,TIMETABLE,Malayalam,clean_seed_or_one_step_variant,needs_native_review,train,get_timetable,STUDENT,PARENT|STUDENT|TEACHER,YES,NONE,short,YES,NO,READ
എന്റെ ടൈംടേബിൾ കാണിക്കൂ.,TIMETABLE,Malayalam,clean_seed_or_one_step_variant,needs_native_review,train,get_timetable,STUDENT,PARENT|STUDENT|TEACHER,YES,NONE,short,YES,NO,READ
ദയവായി നാളെ രാഹുലിന്റെ ടൈംടേബിൾ എന്താണ്?,TIMETABLE,Malayalam,clean_seed_or_one_step_variant,needs_native_review,test,get_timetable,STUDENT,PARENT|STUDENT|TEACHER,YES,NONE,short,YES,NO,READ
ദയവായി നാളെ എനിക്ക് ഏത് ക്ലാസുകളുണ്ട്?,TIMETABLE,Malayalam,clean_seed_or_one_step_variant,needs_native_review,train,get_timetable,STUDENT,PARENT|STUDENT|TEACHER,YES,NONE,short,YES,NO,READ
राहुलची शैक्षणिक प्रगती कशी आहे?,ACADEMIC_PERFORMANCE,Marathi,clean_seed_or_one_step_variant,needs_native_review,train,get_academic_performance,STUDENT,PARENT|STUDENT|TEACHER,YES,NONE,short,YES,NO,READ
कृपया राहुलची शैक्षणिक प्रगती कशी आहे?,ACADEMIC_PERFORMANCE,Marathi,clean_seed_or_one_step_variant,needs_native_review,train,get_academic_performance,STUDENT,PARENT|STUDENT|TEACHER,YES,NONE,polite_request,YES,NO,READ
तुम्ही सांगू शकता का: राहुलची शैक्षणिक प्रगती कशी आहे?,ACADEMIC_PERFORMANCE,Marathi,clean_seed_or_one_step_variant,needs_native_review,train,get_academic_performance,STUDENT,PARENT|STUDENT|TEACHER,YES,NONE,natural_query,YES,NO,READ
मला हे जाणून घ्यायचे आहे: राहुलची शैक्षणिक प्रगती कशी आहे?,ACADEMIC_PERFORMANCE,Marathi,clean_seed_or_one_step_variant,needs_native_review,test,get_academic_performance,STUDENT,PARENT|STUDENT|TEACHER,YES,NONE,natural_query,YES,NO,READ
हे तपासू शकता का: राहुलची शैक्षणिक प्रगती कशी आहे?,ACADEMIC_PERFORMANCE,Marathi,clean_seed_or_one_step_variant,needs_native_review,validation,get_academic_performance,STUDENT,PARENT|STUDENT|TEACHER,YES,NONE,natural_query,YES,NO,READ
शाळेच्या अलीकडील घोषणा दाखवा.,ANNOUNCEMENT,Marathi,clean_seed_or_one_step_variant,needs_native_review,train,get_announcements,PARENT,PARENT|PRINCIPAL|STUDENT|TEACHER,YES,NONE,short,YES,NO,READ
कृपया शाळेच्या अलीकडील घोषणा दाखवा.,ANNOUNCEMENT,Marathi,clean_seed_or_one_step_variant,needs_native_review,test,get_announcements,PARENT,PARENT|PRINCIPAL|STUDENT|TEACHER,YES,NONE,short,YES,NO,READ
तुम्ही सांगू शकता का: शाळेच्या अलीकडील घोषणा दाखवा.,ANNOUNCEMENT,Marathi,clean_seed_or_one_step_variant,needs_native_review,train,get_announcements,PARENT,PARENT|PRINCIPAL|STUDENT|TEACHER,YES,NONE,natural_query,YES,NO,READ
मला हे जाणून घ्यायचे आहे: शाळेच्या अलीकडील घोषणा दाखवा.,ANNOUNCEMENT,Marathi,clean_seed_or_one_step_variant,needs_native_review,train,get_announcements,PARENT,PARENT|PRINCIPAL|STUDENT|TEACHER,YES,NONE,natural_query,YES,NO,READ
हे तपासू शकता का: शाळेच्या अलीकडील घोषणा दाखवा.,ANNOUNCEMENT,Marathi,clean_seed_or_one_step_variant,needs_native_review,validation,get_announcements,PARENT,PARENT|PRINCIPAL|STUDENT|TEACHER,YES,NONE,natural_query,YES,NO,READ
राहुलने असाइनमेंट जमा केले आहे का?,ASSIGNMENT,Marathi,clean_seed_or_one_step_variant,needs_native_review,train,get_assignments,STUDENT,PARENT|STUDENT|TEACHER,YES,NONE,natural_query,YES,NO,READ
कृपया राहुलने असाइनमेंट जमा केले आहे का?,ASSIGNMENT,Marathi,clean_seed_or_one_step_variant,needs_native_review,test,get_assignments,STUDENT,PARENT|STUDENT|TEACHER,YES,NONE,polite_request,YES,NO,READ
तुम्ही सांगू शकता का: राहुलने असाइनमेंट जमा केले आहे का?,ASSIGNMENT,Marathi,clean_seed_or_one_step_variant,needs_native_review,train,get_assignments,STUDENT,PARENT|STUDENT|TEACHER,YES,NONE,natural_query,YES,NO,READ
मला हे जाणून घ्यायचे आहे: राहुलने असाइनमेंट जमा केले आहे का?,ASSIGNMENT,Marathi,clean_seed_or_one_step_variant,needs_native_review,train,get_assignments,STUDENT,PARENT|STUDENT|TEACHER,YES,NONE,natural_query,YES,NO,READ
हे तपासू शकता का: राहुलने असाइनमेंट जमा केले आहे का?,ASSIGNMENT,Marathi,clean_seed_or_one_step_variant,needs_native_review,validation,get_assignments,STUDENT,PARENT|STUDENT|TEACHER,YES,NONE,natural_query,YES,NO,READ
गेल्या महिन्यात राहुलची उपस्थिती किती होती?,ATTENDANCE_HISTORY,Marathi,clean_seed_or_one_step_variant,needs_native_review,train,get_attendance_history,STUDENT,PARENT|PRINCIPAL|STUDENT|TEACHER,YES,ATTENDANCE_CONTEXT,natural_query,YES,NO,READ
कृपया गेल्या महिन्यात राहुलची उपस्थिती किती होती?,ATTENDANCE_HISTORY,Marathi,clean_seed_or_one_step_variant,needs_native_review,test,get_attendance_history,STUDENT,PARENT|PRINCIPAL|STUDENT|TEACHER,YES,ATTENDANCE_CONTEXT,polite_request,YES,NO,READ
तुम्ही सांगू शकता का: गेल्या महिन्यात राहुलची उपस्थिती किती होती?,ATTENDANCE_HISTORY,Marathi,clean_seed_or_one_step_variant,needs_native_review,validation,get_attendance_history,STUDENT,PARENT|PRINCIPAL|STUDENT|TEACHER,YES,ATTENDANCE_CONTEXT,natural_query,YES,NO,READ
मला हे जाणून घ्यायचे आहे: गेल्या महिन्यात राहुलची उपस्थिती किती होती?,ATTENDANCE_HISTORY,Marathi,clean_seed_or_one_step_variant,needs_native_review,train,get_attendance_history,STUDENT,PARENT|PRINCIPAL|STUDENT|TEACHER,YES,ATTENDANCE_CONTEXT,natural_query,YES,NO,READ
हे तपासू शकता का: गेल्या महिन्यात राहुलची उपस्थिती किती होती?,ATTENDANCE_HISTORY,Marathi,clean_seed_or_one_step_variant,needs_native_review,train,get_attendance_history,STUDENT,PARENT|PRINCIPAL|STUDENT|TEACHER,YES,ATTENDANCE_CONTEXT,natural_query,YES,NO,READ
माझ्या मुलाची उपस्थिती किती आहे?,CHILD_ATTENDANCE,Marathi,clean_seed_or_one_step_variant,needs_native_review,train,get_child_attendance,PARENT,PARENT|PRINCIPAL|TEACHER,YES,ATTENDANCE_CONTEXT,short,YES,NO,READ
राहुलची उपस्थिती तपासू शकता का?,CHILD_ATTENDANCE,Marathi,clean_seed_or_one_step_variant,needs_native_review,train,get_child_attendance,PARENT,PARENT|PRINCIPAL|TEACHER,YES,ATTENDANCE_CONTEXT,short,YES,NO,READ
माझ्या मुलाची उपस्थिती कशी आहे?,CHILD_ATTENDANCE,Marathi,clean_seed_or_one_step_variant,needs_native_review,train,get_child_attendance,PARENT,PARENT|PRINCIPAL|TEACHER,YES,ATTENDANCE_CONTEXT,short,YES,NO,READ
कृपया माझ्या मुलाची उपस्थिती किती आहे?,CHILD_ATTENDANCE,Marathi,clean_seed_or_one_step_variant,needs_native_review,validation,get_child_attendance,PARENT,PARENT|PRINCIPAL|TEACHER,YES,ATTENDANCE_CONTEXT,polite_request,YES,NO,READ
कृपया राहुलची उपस्थिती तपासू शकता का?,CHILD_ATTENDANCE,Marathi,clean_seed_or_one_step_variant,needs_native_review,test,get_child_attendance,PARENT,PARENT|PRINCIPAL|TEACHER,YES,ATTENDANCE_CONTEXT,polite_request,YES,NO,READ
मला माझ्या मुलाच्या शिक्षकांशी बोलायचे आहे.,ESCALATION,Marathi,clean_seed_or_one_step_variant,needs_native_review,test,create_escalation_request,PARENT,PARENT|PRINCIPAL|STUDENT|TEACHER,YES,NONE,natural_query,YES,YES,ACTION
मला शिक्षकांशी जोडून द्या.,ESCALATION,Marathi,clean_seed_or_one_step_variant,needs_native_review,train,create_escalation_request,PARENT,PARENT|PRINCIPAL|STUDENT|TEACHER,YES,NONE,short,YES,YES,ACTION
मला शाळेच्या व्यवस्थापनाशी संपर्क साधायचा आहे.,ESCALATION,Marathi,clean_seed_or_one_step_variant,needs_native_review,train,create_escalation_request,PARENT,PARENT|PRINCIPAL|STUDENT|TEACHER,YES,NONE,natural_query,YES,YES,ACTION
कृपया मला माझ्या मुलाच्या शिक्षकांशी बोलायचे आहे.,ESCALATION,Marathi,clean_seed_or_one_step_variant,needs_native_review,validation,create_escalation_request,PARENT,PARENT|PRINCIPAL|STUDENT|TEACHER,YES,NONE,polite_request,YES,YES,ACTION
कृपया मला शिक्षकांशी जोडून द्या.,ESCALATION,Marathi,clean_seed_or_one_step_variant,needs_native_review,train,create_escalation_request,PARENT,PARENT|PRINCIPAL|STUDENT|TEACHER,YES,NONE,short,YES,YES,ACTION
माझी गणिताची परीक्षा कधी आहे?,EXAM,Marathi,clean_seed_or_one_step_variant,needs_native_review,train,get_exams,STUDENT,PARENT|STUDENT|TEACHER,YES,NONE,short,YES,NO,READ
आगामी परीक्षा कोणत्या आहेत?,EXAM,Marathi,clean_seed_or_one_step_variant,needs_native_review,validation,get_exams,STUDENT,PARENT|STUDENT|TEACHER,YES,NONE,short,YES,NO,READ
परीक्षेचे वेळापत्रक सांगा.,EXAM,Marathi,clean_seed_or_one_step_variant,needs_native_review,train,get_exams,STUDENT,PARENT|STUDENT|TEACHER,YES,NONE,short,YES,NO,READ
कृपया माझी गणिताची परीक्षा कधी आहे?,EXAM,Marathi,clean_seed_or_one_step_variant,needs_native_review,test,get_exams,STUDENT,PARENT|STUDENT|TEACHER,YES,NONE,polite_request,YES,NO,READ
कृपया आगामी परीक्षा कोणत्या आहेत?,EXAM,Marathi,clean_seed_or_one_step_variant,needs_native_review,train,get_exams,STUDENT,PARENT|STUDENT|TEACHER,YES,NONE,short,YES,NO,READ
माझ्या मुलाच्या फीची स्थिती दाखवा.,FEES,Marathi,clean_seed_or_one_step_variant,needs_native_review,test,get_fees,PARENT,PARENT|PRINCIPAL|STUDENT,YES,NONE,short,YES,NO,READ
कृपया माझ्या मुलाच्या फीची स्थिती दाखवा.,FEES,Marathi,clean_seed_or_one_step_variant,needs_native_review,validation,get_fees,PARENT,PARENT|PRINCIPAL|STUDENT,YES,NONE,polite_request,YES,NO,READ
तुम्ही सांगू शकता का: माझ्या मुलाच्या फीची स्थिती दाखवा.,FEES,Marathi,clean_seed_or_one_step_variant,needs_native_review,train,get_fees,PARENT,PARENT|PRINCIPAL|STUDENT,YES,NONE,natural_query,YES,NO,READ
मला हे जाणून घ्यायचे आहे: माझ्या मुलाच्या फीची स्थिती दाखवा.,FEES,Marathi,clean_seed_or_one_step_variant,needs_native_review,train,get_fees,PARENT,PARENT|PRINCIPAL|STUDENT,YES,NONE,natural_query,YES,NO,READ
हे तपासू शकता का: माझ्या मुलाच्या फीची स्थिती दाखवा.,FEES,Marathi,clean_seed_or_one_step_variant,needs_native_review,train,get_fees,PARENT,PARENT|PRINCIPAL|STUDENT,YES,NONE,natural_query,YES,NO,READ
तुम्ही मला कशी मदत करू शकता?,GENERAL_HELP,Marathi,clean_seed_or_one_step_variant,needs_native_review,train,none,STUDENT,PARENT|PRINCIPAL|STUDENT|TEACHER,NO,NONE,natural_query,NO,NO,READ
कृपया तुम्ही मला कशी मदत करू शकता?,GENERAL_HELP,Marathi,clean_seed_or_one_step_variant,needs_native_review,test,none,STUDENT,PARENT|PRINCIPAL|STUDENT|TEACHER,NO,NONE,polite_request,NO,NO,READ
तुम्ही सांगू शकता का: तुम्ही मला कशी मदत करू शकता?,GENERAL_HELP,Marathi,clean_seed_or_one_step_variant,needs_native_review,train,none,STUDENT,PARENT|PRINCIPAL|STUDENT|TEACHER,NO,NONE,natural_query,NO,NO,READ
मला हे जाणून घ्यायचे आहे: तुम्ही मला कशी मदत करू शकता?,GENERAL_HELP,Marathi,clean_seed_or_one_step_variant,needs_native_review,train,none,STUDENT,PARENT|PRINCIPAL|STUDENT|TEACHER,NO,NONE,natural_query,NO,NO,READ
हे तपासू शकता का: तुम्ही मला कशी मदत करू शकता?,GENERAL_HELP,Marathi,clean_seed_or_one_step_variant,needs_native_review,validation,none,STUDENT,PARENT|PRINCIPAL|STUDENT|TEACHER,NO,NONE,natural_query,NO,NO,READ
नमस्कार,GREETING,Marathi,clean_seed_or_one_step_variant,needs_native_review,train,none,STUDENT,PARENT|PRINCIPAL|STUDENT|TEACHER,NO,NONE,short,NO,NO,READ
कृपया नमस्कार,GREETING,Marathi,clean_seed_or_one_step_variant,needs_native_review,train,none,STUDENT,PARENT|PRINCIPAL|STUDENT|TEACHER,NO,NONE,short,NO,NO,READ
तुम्ही सांगू शकता का: नमस्कार,GREETING,Marathi,clean_seed_or_one_step_variant,needs_native_review,validation,none,STUDENT,PARENT|PRINCIPAL|STUDENT|TEACHER,NO,NONE,short,NO,NO,READ
मला हे जाणून घ्यायचे आहे: नमस्कार,GREETING,Marathi,clean_seed_or_one_step_variant,needs_native_review,test,none,STUDENT,PARENT|PRINCIPAL|STUDENT|TEACHER,NO,NONE,natural_query,NO,NO,READ
हे तपासू शकता का: नमस्कार,GREETING,Marathi,clean_seed_or_one_step_variant,needs_native_review,train,none,STUDENT,PARENT|PRINCIPAL|STUDENT|TEACHER,NO,NONE,short,NO,NO,READ
मी राहुलसाठी उद्याची रजा मागू शकतो का?,LEAVE,Marathi,clean_seed_or_one_step_variant,needs_native_review,train,leave_service,PARENT,PARENT|STUDENT,YES,NONE,natural_query,YES,YES,ACTION
कृपया मी राहुलसाठी उद्याची रजा मागू शकतो का?,LEAVE,Marathi,clean_seed_or_one_step_variant,needs_native_review,test,leave_service,PARENT,PARENT|STUDENT,YES,NONE,polite_request,YES,YES,ACTION
तुम्ही सांगू शकता का: मी राहुलसाठी उद्याची रजा मागू शकतो का?,LEAVE,Marathi,clean_seed_or_one_step_variant,needs_native_review,train,leave_service,PARENT,PARENT|STUDENT,YES,NONE,natural_query,YES,YES,ACTION
मला हे जाणून घ्यायचे आहे: मी राहुलसाठी उद्याची रजा मागू शकतो का?,LEAVE,Marathi,clean_seed_or_one_step_variant,needs_native_review,train,leave_service,PARENT,PARENT|STUDENT,YES,NONE,natural_query,YES,YES,ACTION
हे तपासू शकता का: मी राहुलसाठी उद्याची रजा मागू शकतो का?,LEAVE,Marathi,clean_seed_or_one_step_variant,needs_native_review,validation,leave_service,PARENT,PARENT|STUDENT,YES,NONE,natural_query,YES,YES,ACTION
राहुलला आज अनुपस्थित म्हणून नोंदवा.,MARK_ATTENDANCE,Marathi,clean_seed_or_one_step_variant,needs_native_review,validation,mark_attendance,TEACHER,TEACHER,YES,DATE|ATTENDANCE_CONTEXT,short,YES,YES,ACTION
कृपया राहुलला आज अनुपस्थित म्हणून नोंदवा.,MARK_ATTENDANCE,Marathi,clean_seed_or_one_step_variant,needs_native_review,test,mark_attendance,TEACHER,TEACHER,YES,DATE|ATTENDANCE_CONTEXT,polite_request,YES,YES,ACTION
तुम्ही सांगू शकता का: राहुलला आज अनुपस्थित म्हणून नोंदवा.,MARK_ATTENDANCE,Marathi,clean_seed_or_one_step_variant,needs_native_review,train,mark_attendance,TEACHER,TEACHER,YES,DATE|ATTENDANCE_CONTEXT,natural_query,YES,YES,ACTION
मला हे जाणून घ्यायचे आहे: राहुलला आज अनुपस्थित म्हणून नोंदवा.,MARK_ATTENDANCE,Marathi,clean_seed_or_one_step_variant,needs_native_review,train,mark_attendance,TEACHER,TEACHER,YES,DATE|ATTENDANCE_CONTEXT,natural_query,YES,YES,ACTION
हे तपासू शकता का: राहुलला आज अनुपस्थित म्हणून नोंदवा.,MARK_ATTENDANCE,Marathi,clean_seed_or_one_step_variant,needs_native_review,train,mark_attendance,TEACHER,TEACHER,YES,DATE|ATTENDANCE_CONTEXT,natural_query,YES,YES,ACTION
माझा कॉलेज असाइनमेंट लिहा.,OUT_OF_SCOPE,Marathi,clean_seed_or_one_step_variant,needs_native_review,train,blocked,STUDENT,PARENT|PRINCIPAL|STUDENT|TEACHER,NO,NONE,short,NO,NO,BLOCK
कृपया माझा कॉलेज असाइनमेंट लिहा.,OUT_OF_SCOPE,Marathi,clean_seed_or_one_step_variant,needs_native_review,validation,blocked,STUDENT,PARENT|PRINCIPAL|STUDENT|TEACHER,NO,NONE,short,NO,NO,BLOCK
तुम्ही सांगू शकता का: माझा कॉलेज असाइनमेंट लिहा.,OUT_OF_SCOPE,Marathi,clean_seed_or_one_step_variant,needs_native_review,test,blocked,STUDENT,PARENT|PRINCIPAL|STUDENT|TEACHER,NO,NONE,natural_query,NO,NO,BLOCK
मला हे जाणून घ्यायचे आहे: माझा कॉलेज असाइनमेंट लिहा.,OUT_OF_SCOPE,Marathi,clean_seed_or_one_step_variant,needs_native_review,train,blocked,STUDENT,PARENT|PRINCIPAL|STUDENT|TEACHER,NO,NONE,natural_query,NO,NO,BLOCK
हे तपासू शकता का: माझा कॉलेज असाइनमेंट लिहा.,OUT_OF_SCOPE,Marathi,clean_seed_or_one_step_variant,needs_native_review,train,blocked,STUDENT,PARENT|PRINCIPAL|STUDENT|TEACHER,NO,NONE,natural_query,NO,NO,BLOCK
माझी उपस्थिती किती आहे?,OWN_ATTENDANCE,Marathi,clean_seed_or_one_step_variant,needs_native_review,train,get_my_attendance,STUDENT,PARENT|PRINCIPAL|STUDENT|TEACHER,YES,ATTENDANCE_CONTEXT,short,YES,NO,READ
माझी उपस्थिती किती टक्के आहे?,OWN_ATTENDANCE,Marathi,clean_seed_or_one_step_variant,needs_native_review,test,get_my_attendance,STUDENT,PARENT|PRINCIPAL|STUDENT|TEACHER,YES,ATTENDANCE_CONTEXT,short,YES,NO,READ
माझी उपस्थिती तपासू शकता का?,OWN_ATTENDANCE,Marathi,clean_seed_or_one_step_variant,needs_native_review,train,get_my_attendance,STUDENT,PARENT|PRINCIPAL|STUDENT|TEACHER,YES,ATTENDANCE_CONTEXT,short,YES,NO,READ
कृपया माझी उपस्थिती किती आहे?,OWN_ATTENDANCE,Marathi,clean_seed_or_one_step_variant,needs_native_review,validation,get_my_attendance,STUDENT,PARENT|PRINCIPAL|STUDENT|TEACHER,YES,ATTENDANCE_CONTEXT,short,YES,NO,READ
कृपया माझी उपस्थिती किती टक्के आहे?,OWN_ATTENDANCE,Marathi,clean_seed_or_one_step_variant,needs_native_review,train,get_my_attendance,STUDENT,PARENT|PRINCIPAL|STUDENT|TEACHER,YES,ATTENDANCE_CONTEXT,polite_request,YES,NO,READ
संपूर्ण शाळेचा उपस्थिती अहवाल दाखवा.,SCHOOL_ANALYTICS,Marathi,clean_seed_or_one_step_variant,needs_native_review,train,get_school_analytics,PRINCIPAL,PRINCIPAL,YES,ATTENDANCE_CONTEXT,short,YES,NO,READ
कृपया संपूर्ण शाळेचा उपस्थिती अहवाल दाखवा.,SCHOOL_ANALYTICS,Marathi,clean_seed_or_one_step_variant,needs_native_review,train,get_school_analytics,PRINCIPAL,PRINCIPAL,YES,ATTENDANCE_CONTEXT,polite_request,YES,NO,READ
तुम्ही सांगू शकता का: संपूर्ण शाळेचा उपस्थिती अहवाल दाखवा.,SCHOOL_ANALYTICS,Marathi,clean_seed_or_one_step_variant,needs_native_review,test,get_school_analytics,PRINCIPAL,PRINCIPAL,YES,ATTENDANCE_CONTEXT,natural_query,YES,NO,READ
मला हे जाणून घ्यायचे आहे: संपूर्ण शाळेचा उपस्थिती अहवाल दाखवा.,SCHOOL_ANALYTICS,Marathi,clean_seed_or_one_step_variant,needs_native_review,train,get_school_analytics,PRINCIPAL,PRINCIPAL,YES,ATTENDANCE_CONTEXT,natural_query,YES,NO,READ
हे तपासू शकता का: संपूर्ण शाळेचा उपस्थिती अहवाल दाखवा.,SCHOOL_ANALYTICS,Marathi,clean_seed_or_one_step_variant,needs_native_review,validation,get_school_analytics,PRINCIPAL,PRINCIPAL,YES,ATTENDANCE_CONTEXT,natural_query,YES,NO,READ
उद्या राहुलचे वेळापत्रक काय आहे?,TIMETABLE,Marathi,clean_seed_or_one_step_variant,needs_native_review,train,get_timetable,STUDENT,PARENT|STUDENT|TEACHER,YES,NONE,short,YES,NO,READ
उद्या माझे कोणते वर्ग आहेत?,TIMETABLE,Marathi,clean_seed_or_one_step_variant,needs_native_review,validation,get_timetable,STUDENT,PARENT|STUDENT|TEACHER,YES,NONE,short,YES,NO,READ
माझे वेळापत्रक दाखवा.,TIMETABLE,Marathi,clean_seed_or_one_step_variant,needs_native_review,test,get_timetable,STUDENT,PARENT|STUDENT|TEACHER,YES,NONE,short,YES,NO,READ
कृपया उद्या राहुलचे वेळापत्रक काय आहे?,TIMETABLE,Marathi,clean_seed_or_one_step_variant,needs_native_review,train,get_timetable,STUDENT,PARENT|STUDENT|TEACHER,YES,NONE,polite_request,YES,NO,READ
कृपया उद्या माझे कोणते वर्ग आहेत?,TIMETABLE,Marathi,clean_seed_or_one_step_variant,needs_native_review,train,get_timetable,STUDENT,PARENT|STUDENT|TEACHER,YES,NONE,polite_request,YES,NO,READ
ਰਾਹੁਲ ਦੀ ਪੜ੍ਹਾਈ ਦੀ ਤਰੱਕੀ ਕਿਵੇਂ ਹੈ?,ACADEMIC_PERFORMANCE,Punjabi,clean_seed_or_one_step_variant,needs_native_review,train,get_academic_performance,STUDENT,PARENT|STUDENT|TEACHER,YES,NONE,natural_query,YES,NO,READ
ਕਿਰਪਾ ਕਰਕੇ ਰਾਹੁਲ ਦੀ ਪੜ੍ਹਾਈ ਦੀ ਤਰੱਕੀ ਕਿਵੇਂ ਹੈ?,ACADEMIC_PERFORMANCE,Punjabi,clean_seed_or_one_step_variant,needs_native_review,validation,get_academic_performance,STUDENT,PARENT|STUDENT|TEACHER,YES,NONE,natural_query,YES,NO,READ
ਕਿਰਪਾ ਕਰਕੇ ਕਿਰਪਾ ਕਰਕੇ ਰਾਹੁਲ ਦੀ ਪੜ੍ਹਾਈ ਦੀ ਤਰੱਕੀ ਕਿਵੇਂ ਹੈ?,ACADEMIC_PERFORMANCE,Punjabi,clean_seed_or_one_step_variant,needs_native_review,train,get_academic_performance,STUDENT,PARENT|STUDENT|TEACHER,YES,NONE,natural_query,YES,NO,READ
ਕਿਰਪਾ ਕਰਕੇ ਕਿਰਪਾ ਕਰਕੇ ਕਿਰਪਾ ਕਰਕੇ ਰਾਹੁਲ ਦੀ ਪੜ੍ਹਾਈ ਦੀ ਤਰੱਕੀ ਕਿਵੇਂ ਹੈ?,ACADEMIC_PERFORMANCE,Punjabi,clean_seed_or_one_step_variant,needs_native_review,train,get_academic_performance,STUDENT,PARENT|STUDENT|TEACHER,YES,NONE,natural_query,YES,NO,READ
ਕਿਰਪਾ ਕਰਕੇ ਕਿਰਪਾ ਕਰਕੇ ਕਿਰਪਾ ਕਰਕੇ ਕਿਰਪਾ ਕਰਕੇ ਰਾਹੁਲ ਦੀ ਪੜ੍ਹਾਈ ਦੀ ਤਰੱਕੀ ਕਿਵੇਂ ਹੈ?,ACADEMIC_PERFORMANCE,Punjabi,clean_seed_or_one_step_variant,needs_native_review,test,get_academic_performance,STUDENT,PARENT|STUDENT|TEACHER,YES,NONE,natural_query,YES,NO,READ
ਸਕੂਲ ਦੀਆਂ ਹਾਲੀਆ ਘੋਸ਼ਣਾਵਾਂ ਦਿਖਾਓ.,ANNOUNCEMENT,Punjabi,clean_seed_or_one_step_variant,needs_native_review,test,get_announcements,PARENT,PARENT|PRINCIPAL|STUDENT|TEACHER,YES,NONE,short,YES,NO,READ
ਕਿਰਪਾ ਕਰਕੇ ਸਕੂਲ ਦੀਆਂ ਹਾਲੀਆ ਘੋਸ਼ਣਾਵਾਂ ਦਿਖਾਓ.,ANNOUNCEMENT,Punjabi,clean_seed_or_one_step_variant,needs_native_review,validation,get_announcements,PARENT,PARENT|PRINCIPAL|STUDENT|TEACHER,YES,NONE,natural_query,YES,NO,READ
ਕਿਰਪਾ ਕਰਕੇ ਕਿਰਪਾ ਕਰਕੇ ਸਕੂਲ ਦੀਆਂ ਹਾਲੀਆ ਘੋਸ਼ਣਾਵਾਂ ਦਿਖਾਓ.,ANNOUNCEMENT,Punjabi,clean_seed_or_one_step_variant,needs_native_review,train,get_announcements,PARENT,PARENT|PRINCIPAL|STUDENT|TEACHER,YES,NONE,natural_query,YES,NO,READ
ਕਿਰਪਾ ਕਰਕੇ ਕਿਰਪਾ ਕਰਕੇ ਕਿਰਪਾ ਕਰਕੇ ਸਕੂਲ ਦੀਆਂ ਹਾਲੀਆ ਘੋਸ਼ਣਾਵਾਂ ਦਿਖਾਓ.,ANNOUNCEMENT,Punjabi,clean_seed_or_one_step_variant,needs_native_review,train,get_announcements,PARENT,PARENT|PRINCIPAL|STUDENT|TEACHER,YES,NONE,natural_query,YES,NO,READ
ਕਿਰਪਾ ਕਰਕੇ ਕਿਰਪਾ ਕਰਕੇ ਕਿਰਪਾ ਕਰਕੇ ਕਿਰਪਾ ਕਰਕੇ ਸਕੂਲ ਦੀਆਂ ਹਾਲੀਆ ਘੋਸ਼ਣਾਵਾਂ ਦਿਖਾਓ.,ANNOUNCEMENT,Punjabi,clean_seed_or_one_step_variant,needs_native_review,train,get_announcements,PARENT,PARENT|PRINCIPAL|STUDENT|TEACHER,YES,NONE,natural_query,YES,NO,READ
ਕੀ ਰਾਹੁਲ ਨੇ ਆਪਣਾ ਅਸਾਈਨਮੈਂਟ ਜਮ੍ਹਾਂ ਕੀਤਾ ਹੈ?,ASSIGNMENT,Punjabi,clean_seed_or_one_step_variant,needs_native_review,train,get_assignments,STUDENT,PARENT|STUDENT|TEACHER,YES,NONE,natural_query,YES,NO,READ
ਕਿਰਪਾ ਕਰਕੇ ਕੀ ਰਾਹੁਲ ਨੇ ਆਪਣਾ ਅਸਾਈਨਮੈਂਟ ਜਮ੍ਹਾਂ ਕੀਤਾ ਹੈ?,ASSIGNMENT,Punjabi,clean_seed_or_one_step_variant,needs_native_review,train,get_assignments,STUDENT,PARENT|STUDENT|TEACHER,YES,NONE,natural_query,YES,NO,READ
ਕਿਰਪਾ ਕਰਕੇ ਕਿਰਪਾ ਕਰਕੇ ਕੀ ਰਾਹੁਲ ਨੇ ਆਪਣਾ ਅਸਾਈਨਮੈਂਟ ਜਮ੍ਹਾਂ ਕੀਤਾ ਹੈ?,ASSIGNMENT,Punjabi,clean_seed_or_one_step_variant,needs_native_review,validation,get_assignments,STUDENT,PARENT|STUDENT|TEACHER,YES,NONE,natural_query,YES,NO,READ
ਕਿਰਪਾ ਕਰਕੇ ਕਿਰਪਾ ਕਰਕੇ ਕਿਰਪਾ ਕਰਕੇ ਕੀ ਰਾਹੁਲ ਨੇ ਆਪਣਾ ਅਸਾਈਨਮੈਂਟ ਜਮ੍ਹਾਂ ਕੀਤਾ ਹੈ?,ASSIGNMENT,Punjabi,clean_seed_or_one_step_variant,needs_native_review,test,get_assignments,STUDENT,PARENT|STUDENT|TEACHER,YES,NONE,natural_query,YES,NO,READ
ਕਿਰਪਾ ਕਰਕੇ ਕਿਰਪਾ ਕਰਕੇ ਕਿਰਪਾ ਕਰਕੇ ਕਿਰਪਾ ਕਰਕੇ ਕੀ ਰਾਹੁਲ ਨੇ ਆਪਣਾ ਅਸਾਈਨਮੈਂਟ ਜਮ੍ਹਾਂ ਕੀਤਾ ਹੈ?,ASSIGNMENT,Punjabi,clean_seed_or_one_step_variant,needs_native_review,train,get_assignments,STUDENT,PARENT|STUDENT|TEACHER,YES,NONE,natural_query,YES,NO,READ
ਪਿਛਲੇ ਮਹੀਨੇ ਰਾਹੁਲ ਦੀ ਹਾਜ਼ਰੀ ਕਿੰਨੀ ਸੀ?,ATTENDANCE_HISTORY,Punjabi,clean_seed_or_one_step_variant,needs_native_review,train,get_attendance_history,STUDENT,PARENT|PRINCIPAL|STUDENT|TEACHER,YES,ATTENDANCE_CONTEXT,natural_query,YES,NO,READ
ਕਿਰਪਾ ਕਰਕੇ ਪਿਛਲੇ ਮਹੀਨੇ ਰਾਹੁਲ ਦੀ ਹਾਜ਼ਰੀ ਕਿੰਨੀ ਸੀ?,ATTENDANCE_HISTORY,Punjabi,clean_seed_or_one_step_variant,needs_native_review,train,get_attendance_history,STUDENT,PARENT|PRINCIPAL|STUDENT|TEACHER,YES,ATTENDANCE_CONTEXT,natural_query,YES,NO,READ
ਕਿਰਪਾ ਕਰਕੇ ਕਿਰਪਾ ਕਰਕੇ ਪਿਛਲੇ ਮਹੀਨੇ ਰਾਹੁਲ ਦੀ ਹਾਜ਼ਰੀ ਕਿੰਨੀ ਸੀ?,ATTENDANCE_HISTORY,Punjabi,clean_seed_or_one_step_variant,needs_native_review,validation,get_attendance_history,STUDENT,PARENT|PRINCIPAL|STUDENT|TEACHER,YES,ATTENDANCE_CONTEXT,natural_query,YES,NO,READ
ਕਿਰਪਾ ਕਰਕੇ ਕਿਰਪਾ ਕਰਕੇ ਕਿਰਪਾ ਕਰਕੇ ਪਿਛਲੇ ਮਹੀਨੇ ਰਾਹੁਲ ਦੀ ਹਾਜ਼ਰੀ ਕਿੰਨੀ ਸੀ?,ATTENDANCE_HISTORY,Punjabi,clean_seed_or_one_step_variant,needs_native_review,train,get_attendance_history,STUDENT,PARENT|PRINCIPAL|STUDENT|TEACHER,YES,ATTENDANCE_CONTEXT,natural_query,YES,NO,READ
ਕਿਰਪਾ ਕਰਕੇ ਕਿਰਪਾ ਕਰਕੇ ਕਿਰਪਾ ਕਰਕੇ ਕਿਰਪਾ ਕਰਕੇ ਪਿਛਲੇ ਮਹੀਨੇ ਰਾਹੁਲ ਦੀ ਹਾਜ਼ਰੀ ਕਿੰਨੀ ਸੀ?,ATTENDANCE_HISTORY,Punjabi,clean_seed_or_one_step_variant,needs_native_review,test,get_attendance_history,STUDENT,PARENT|PRINCIPAL|STUDENT|TEACHER,YES,ATTENDANCE_CONTEXT,natural_query,YES,NO,READ
ਮੇਰੇ ਬੱਚੇ ਦੀ ਹਾਜ਼ਰੀ ਕਿੰਨੀ ਹੈ?,CHILD_ATTENDANCE,Punjabi,clean_seed_or_one_step_variant,needs_native_review,validation,get_child_attendance,PARENT,PARENT|PRINCIPAL|TEACHER,YES,ATTENDANCE_CONTEXT,natural_query,YES,NO,READ
ਕੀ ਤੁਸੀਂ ਰਾਹੁਲ ਦੀ ਹਾਜ਼ਰੀ ਚੈੱਕ ਕਰ ਸਕਦੇ ਹੋ?,CHILD_ATTENDANCE,Punjabi,clean_seed_or_one_step_variant,needs_native_review,train,get_child_attendance,PARENT,PARENT|PRINCIPAL|TEACHER,YES,ATTENDANCE_CONTEXT,natural_query,YES,NO,READ
ਮੇਰੇ ਪੁੱਤਰ ਦੀ ਹਾਜ਼ਰੀ ਕਿਵੇਂ ਹੈ?,CHILD_ATTENDANCE,Punjabi,clean_seed_or_one_step_variant,needs_native_review,train,get_child_attendance,PARENT,PARENT|PRINCIPAL|TEACHER,YES,ATTENDANCE_CONTEXT,natural_query,YES,NO,READ
ਕਿਰਪਾ ਕਰਕੇ ਮੇਰੇ ਬੱਚੇ ਦੀ ਹਾਜ਼ਰੀ ਕਿੰਨੀ ਹੈ?,CHILD_ATTENDANCE,Punjabi,clean_seed_or_one_step_variant,needs_native_review,train,get_child_attendance,PARENT,PARENT|PRINCIPAL|TEACHER,YES,ATTENDANCE_CONTEXT,natural_query,YES,NO,READ
ਕਿਰਪਾ ਕਰਕੇ ਕੀ ਤੁਸੀਂ ਰਾਹੁਲ ਦੀ ਹਾਜ਼ਰੀ ਚੈੱਕ ਕਰ ਸਕਦੇ ਹੋ?,CHILD_ATTENDANCE,Punjabi,clean_seed_or_one_step_variant,needs_native_review,test,get_child_attendance,PARENT,PARENT|PRINCIPAL|TEACHER,YES,ATTENDANCE_CONTEXT,natural_query,YES,NO,READ
ਮੈਂ ਆਪਣੇ ਬੱਚੇ ਦੇ ਅਧਿਆਪਕ ਨਾਲ ਗੱਲ ਕਰਨੀ ਹੈ।,ESCALATION,Punjabi,clean_seed_or_one_step_variant,needs_native_review,test,create_escalation_request,PARENT,PARENT|PRINCIPAL|STUDENT|TEACHER,YES,NONE,natural_query,YES,YES,ACTION
ਮੈਨੂੰ ਅਧਿਆਪਕ ਨਾਲ ਜੋੜੋ।,ESCALATION,Punjabi,clean_seed_or_one_step_variant,needs_native_review,validation,create_escalation_request,PARENT,PARENT|PRINCIPAL|STUDENT|TEACHER,YES,NONE,short,YES,YES,ACTION
ਮੈਨੂੰ ਸਕੂਲ ਪ੍ਰਬੰਧਨ ਨਾਲ ਸੰਪਰਕ ਕਰਨਾ ਹੈ।,ESCALATION,Punjabi,clean_seed_or_one_step_variant,needs_native_review,train,create_escalation_request,PARENT,PARENT|PRINCIPAL|STUDENT|TEACHER,YES,NONE,natural_query,YES,YES,ACTION
ਕਿਰਪਾ ਕਰਕੇ ਮੈਂ ਆਪਣੇ ਬੱਚੇ ਦੇ ਅਧਿਆਪਕ ਨਾਲ ਗੱਲ ਕਰਨੀ ਹੈ।,ESCALATION,Punjabi,clean_seed_or_one_step_variant,needs_native_review,train,create_escalation_request,PARENT,PARENT|PRINCIPAL|STUDENT|TEACHER,YES,NONE,natural_query,YES,YES,ACTION
ਕਿਰਪਾ ਕਰਕੇ ਮੈਨੂੰ ਅਧਿਆਪਕ ਨਾਲ ਜੋੜੋ।,ESCALATION,Punjabi,clean_seed_or_one_step_variant,needs_native_review,train,create_escalation_request,PARENT,PARENT|PRINCIPAL|STUDENT|TEACHER,YES,NONE,natural_query,YES,YES,ACTION
ਮੇਰੀ ਗਣਿਤ ਦੀ ਪ੍ਰੀਖਿਆ ਕਦੋਂ ਹੈ?,EXAM,Punjabi,clean_seed_or_one_step_variant,needs_native_review,train,get_exams,STUDENT,PARENT|STUDENT|TEACHER,YES,NONE,natural_query,YES,NO,READ
ਆਉਣ ਵਾਲੀਆਂ ਪ੍ਰੀਖਿਆਵਾਂ ਕਿਹੜੀਆਂ ਹਨ?,EXAM,Punjabi,clean_seed_or_one_step_variant,needs_native_review,train,get_exams,STUDENT,PARENT|STUDENT|TEACHER,YES,NONE,short,YES,NO,READ
ਪ੍ਰੀਖਿਆ ਦਾ ਸਮਾਂ-ਸਾਰਣੀ ਦੱਸੋ।,EXAM,Punjabi,clean_seed_or_one_step_variant,needs_native_review,train,get_exams,STUDENT,PARENT|STUDENT|TEACHER,YES,NONE,short,YES,NO,READ
ਕਿਰਪਾ ਕਰਕੇ ਮੇਰੀ ਗਣਿਤ ਦੀ ਪ੍ਰੀਖਿਆ ਕਦੋਂ ਹੈ?,EXAM,Punjabi,clean_seed_or_one_step_variant,needs_native_review,test,get_exams,STUDENT,PARENT|STUDENT|TEACHER,YES,NONE,natural_query,YES,NO,READ
ਕਿਰਪਾ ਕਰਕੇ ਆਉਣ ਵਾਲੀਆਂ ਪ੍ਰੀਖਿਆਵਾਂ ਕਿਹੜੀਆਂ ਹਨ?,EXAM,Punjabi,clean_seed_or_one_step_variant,needs_native_review,validation,get_exams,STUDENT,PARENT|STUDENT|TEACHER,YES,NONE,natural_query,YES,NO,READ
ਮੇਰੇ ਬੱਚੇ ਦੀ ਫੀਸ ਦੀ ਸਥਿਤੀ ਦਿਖਾਓ.,FEES,Punjabi,clean_seed_or_one_step_variant,needs_native_review,train,get_fees,PARENT,PARENT|PRINCIPAL|STUDENT,YES,NONE,natural_query,YES,NO,READ
ਕਿਰਪਾ ਕਰਕੇ ਮੇਰੇ ਬੱਚੇ ਦੀ ਫੀਸ ਦੀ ਸਥਿਤੀ ਦਿਖਾਓ.,FEES,Punjabi,clean_seed_or_one_step_variant,needs_native_review,validation,get_fees,PARENT,PARENT|PRINCIPAL|STUDENT,YES,NONE,natural_query,YES,NO,READ
ਕਿਰਪਾ ਕਰਕੇ ਕਿਰਪਾ ਕਰਕੇ ਮੇਰੇ ਬੱਚੇ ਦੀ ਫੀਸ ਦੀ ਸਥਿਤੀ ਦਿਖਾਓ.,FEES,Punjabi,clean_seed_or_one_step_variant,needs_native_review,test,get_fees,PARENT,PARENT|PRINCIPAL|STUDENT,YES,NONE,natural_query,YES,NO,READ
ਕਿਰਪਾ ਕਰਕੇ ਕਿਰਪਾ ਕਰਕੇ ਕਿਰਪਾ ਕਰਕੇ ਮੇਰੇ ਬੱਚੇ ਦੀ ਫੀਸ ਦੀ ਸਥਿਤੀ ਦਿਖਾਓ.,FEES,Punjabi,clean_seed_or_one_step_variant,needs_native_review,train,get_fees,PARENT,PARENT|PRINCIPAL|STUDENT,YES,NONE,natural_query,YES,NO,READ
ਕਿਰਪਾ ਕਰਕੇ ਕਿਰਪਾ ਕਰਕੇ ਕਿਰਪਾ ਕਰਕੇ ਕਿਰਪਾ ਕਰਕੇ ਮੇਰੇ ਬੱਚੇ ਦੀ ਫੀਸ ਦੀ ਸਥਿਤੀ ਦਿਖਾਓ.,FEES,Punjabi,clean_seed_or_one_step_variant,needs_native_review,train,get_fees,PARENT,PARENT|PRINCIPAL|STUDENT,YES,NONE,natural_query,YES,NO,READ
ਤੁਸੀਂ ਮੇਰੀ ਕਿਵੇਂ ਮਦਦ ਕਰ ਸਕਦੇ ਹੋ?,GENERAL_HELP,Punjabi,clean_seed_or_one_step_variant,needs_native_review,validation,none,STUDENT,PARENT|PRINCIPAL|STUDENT|TEACHER,NO,NONE,natural_query,NO,NO,READ
ਕਿਰਪਾ ਕਰਕੇ ਤੁਸੀਂ ਮੇਰੀ ਕਿਵੇਂ ਮਦਦ ਕਰ ਸਕਦੇ ਹੋ?,GENERAL_HELP,Punjabi,clean_seed_or_one_step_variant,needs_native_review,train,none,STUDENT,PARENT|PRINCIPAL|STUDENT|TEACHER,NO,NONE,natural_query,NO,NO,READ
ਕਿਰਪਾ ਕਰਕੇ ਕਿਰਪਾ ਕਰਕੇ ਤੁਸੀਂ ਮੇਰੀ ਕਿਵੇਂ ਮਦਦ ਕਰ ਸਕਦੇ ਹੋ?,GENERAL_HELP,Punjabi,clean_seed_or_one_step_variant,needs_native_review,train,none,STUDENT,PARENT|PRINCIPAL|STUDENT|TEACHER,NO,NONE,natural_query,NO,NO,READ
ਕਿਰਪਾ ਕਰਕੇ ਕਿਰਪਾ ਕਰਕੇ ਕਿਰਪਾ ਕਰਕੇ ਤੁਸੀਂ ਮੇਰੀ ਕਿਵੇਂ ਮਦਦ ਕਰ ਸਕਦੇ ਹੋ?,GENERAL_HELP,Punjabi,clean_seed_or_one_step_variant,needs_native_review,test,none,STUDENT,PARENT|PRINCIPAL|STUDENT|TEACHER,NO,NONE,natural_query,NO,NO,READ
ਕਿਰਪਾ ਕਰਕੇ ਕਿਰਪਾ ਕਰਕੇ ਕਿਰਪਾ ਕਰਕੇ ਕਿਰਪਾ ਕਰਕੇ ਤੁਸੀਂ ਮੇਰੀ ਕਿਵੇਂ ਮਦਦ ਕਰ ਸਕਦੇ ਹੋ?,GENERAL_HELP,Punjabi,clean_seed_or_one_step_variant,needs_native_review,train,none,STUDENT,PARENT|PRINCIPAL|STUDENT|TEACHER,NO,NONE,natural_query,NO,NO,READ
ਸਤ ਸ੍ਰੀ ਅਕਾਲ,GREETING,Punjabi,clean_seed_or_one_step_variant,needs_native_review,train,none,STUDENT,PARENT|PRINCIPAL|STUDENT|TEACHER,NO,NONE,short,NO,NO,READ
ਕਿਰਪਾ ਕਰਕੇ ਸਤ ਸ੍ਰੀ ਅਕਾਲ,GREETING,Punjabi,clean_seed_or_one_step_variant,needs_native_review,train,none,STUDENT,PARENT|PRINCIPAL|STUDENT|TEACHER,NO,NONE,short,NO,NO,READ
ਕਿਰਪਾ ਕਰਕੇ ਕਿਰਪਾ ਕਰਕੇ ਸਤ ਸ੍ਰੀ ਅਕਾਲ,GREETING,Punjabi,clean_seed_or_one_step_variant,needs_native_review,test,none,STUDENT,PARENT|PRINCIPAL|STUDENT|TEACHER,NO,NONE,natural_query,NO,NO,READ
ਕਿਰਪਾ ਕਰਕੇ ਕਿਰਪਾ ਕਰਕੇ ਕਿਰਪਾ ਕਰਕੇ ਸਤ ਸ੍ਰੀ ਅਕਾਲ,GREETING,Punjabi,clean_seed_or_one_step_variant,needs_native_review,validation,none,STUDENT,PARENT|PRINCIPAL|STUDENT|TEACHER,NO,NONE,natural_query,NO,NO,READ
ਕਿਰਪਾ ਕਰਕੇ ਕਿਰਪਾ ਕਰਕੇ ਕਿਰਪਾ ਕਰਕੇ ਕਿਰਪਾ ਕਰਕੇ ਸਤ ਸ੍ਰੀ ਅਕਾਲ,GREETING,Punjabi,clean_seed_or_one_step_variant,needs_native_review,train,none,STUDENT,PARENT|PRINCIPAL|STUDENT|TEACHER,NO,NONE,natural_query,NO,NO,READ
ਕੀ ਮੈਂ ਰਾਹੁਲ ਲਈ ਕੱਲ੍ਹ ਦੀ ਛੁੱਟੀ ਮੰਗ ਸਕਦਾ ਹਾਂ?,LEAVE,Punjabi,clean_seed_or_one_step_variant,needs_native_review,test,leave_service,PARENT,PARENT|STUDENT,YES,NONE,natural_query,YES,YES,ACTION
ਕਿਰਪਾ ਕਰਕੇ ਕੀ ਮੈਂ ਰਾਹੁਲ ਲਈ ਕੱਲ੍ਹ ਦੀ ਛੁੱਟੀ ਮੰਗ ਸਕਦਾ ਹਾਂ?,LEAVE,Punjabi,clean_seed_or_one_step_variant,needs_native_review,train,leave_service,PARENT,PARENT|STUDENT,YES,NONE,natural_query,YES,YES,ACTION
ਕਿਰਪਾ ਕਰਕੇ ਕਿਰਪਾ ਕਰਕੇ ਕੀ ਮੈਂ ਰਾਹੁਲ ਲਈ ਕੱਲ੍ਹ ਦੀ ਛੁੱਟੀ ਮੰਗ ਸਕਦਾ ਹਾਂ?,LEAVE,Punjabi,clean_seed_or_one_step_variant,needs_native_review,train,leave_service,PARENT,PARENT|STUDENT,YES,NONE,natural_query,YES,YES,ACTION
ਕਿਰਪਾ ਕਰਕੇ ਕਿਰਪਾ ਕਰਕੇ ਕਿਰਪਾ ਕਰਕੇ ਕੀ ਮੈਂ ਰਾਹੁਲ ਲਈ ਕੱਲ੍ਹ ਦੀ ਛੁੱਟੀ ਮੰਗ ਸਕਦਾ ਹਾਂ?,LEAVE,Punjabi,clean_seed_or_one_step_variant,needs_native_review,validation,leave_service,PARENT,PARENT|STUDENT,YES,NONE,natural_query,YES,YES,ACTION
ਕਿਰਪਾ ਕਰਕੇ ਕਿਰਪਾ ਕਰਕੇ ਕਿਰਪਾ ਕਰਕੇ ਕਿਰਪਾ ਕਰਕੇ ਕੀ ਮੈਂ ਰਾਹੁਲ ਲਈ ਕੱਲ੍ਹ ਦੀ ਛੁੱਟੀ ਮੰਗ ਸਕਦਾ ਹਾਂ?,LEAVE,Punjabi,clean_seed_or_one_step_variant,needs_native_review,train,leave_service,PARENT,PARENT|STUDENT,YES,NONE,natural_query,YES,YES,ACTION
ਰਾਹੁਲ ਨੂੰ ਅੱਜ ਗੈਰਹਾਜ਼ਰ ਦਰਜ ਕਰੋ.,MARK_ATTENDANCE,Punjabi,clean_seed_or_one_step_variant,needs_native_review,train,mark_attendance,TEACHER,TEACHER,YES,ATTENDANCE_CONTEXT,natural_query,YES,YES,ACTION
ਕਿਰਪਾ ਕਰਕੇ ਰਾਹੁਲ ਨੂੰ ਅੱਜ ਗੈਰਹਾਜ਼ਰ ਦਰਜ ਕਰੋ.,MARK_ATTENDANCE,Punjabi,clean_seed_or_one_step_variant,needs_native_review,train,mark_attendance,TEACHER,TEACHER,YES,ATTENDANCE_CONTEXT,natural_query,YES,YES,ACTION
ਕਿਰਪਾ ਕਰਕੇ ਕਿਰਪਾ ਕਰਕੇ ਰਾਹੁਲ ਨੂੰ ਅੱਜ ਗੈਰਹਾਜ਼ਰ ਦਰਜ ਕਰੋ.,MARK_ATTENDANCE,Punjabi,clean_seed_or_one_step_variant,needs_native_review,validation,mark_attendance,TEACHER,TEACHER,YES,ATTENDANCE_CONTEXT,natural_query,YES,YES,ACTION
ਕਿਰਪਾ ਕਰਕੇ ਕਿਰਪਾ ਕਰਕੇ ਕਿਰਪਾ ਕਰਕੇ ਰਾਹੁਲ ਨੂੰ ਅੱਜ ਗੈਰਹਾਜ਼ਰ ਦਰਜ ਕਰੋ.,MARK_ATTENDANCE,Punjabi,clean_seed_or_one_step_variant,needs_native_review,train,mark_attendance,TEACHER,TEACHER,YES,ATTENDANCE_CONTEXT,natural_query,YES,YES,ACTION
ਕਿਰਪਾ ਕਰਕੇ ਕਿਰਪਾ ਕਰਕੇ ਕਿਰਪਾ ਕਰਕੇ ਕਿਰਪਾ ਕਰਕੇ ਰਾਹੁਲ ਨੂੰ ਅੱਜ ਗੈਰਹਾਜ਼ਰ ਦਰਜ ਕਰੋ.,MARK_ATTENDANCE,Punjabi,clean_seed_or_one_step_variant,needs_native_review,test,mark_attendance,TEACHER,TEACHER,YES,ATTENDANCE_CONTEXT,natural_query,YES,YES,ACTION
ਮੇਰਾ ਕਾਲਜ ਅਸਾਈਨਮੈਂਟ ਲਿਖੋ.,OUT_OF_SCOPE,Punjabi,clean_seed_or_one_step_variant,needs_native_review,test,blocked,STUDENT,PARENT|PRINCIPAL|STUDENT|TEACHER,NO,NONE,short,NO,NO,BLOCK
ਕਿਰਪਾ ਕਰਕੇ ਮੇਰਾ ਕਾਲਜ ਅਸਾਈਨਮੈਂਟ ਲਿਖੋ.,OUT_OF_SCOPE,Punjabi,clean_seed_or_one_step_variant,needs_native_review,train,blocked,STUDENT,PARENT|PRINCIPAL|STUDENT|TEACHER,NO,NONE,natural_query,NO,NO,BLOCK
ਕਿਰਪਾ ਕਰਕੇ ਕਿਰਪਾ ਕਰਕੇ ਮੇਰਾ ਕਾਲਜ ਅਸਾਈਨਮੈਂਟ ਲਿਖੋ.,OUT_OF_SCOPE,Punjabi,clean_seed_or_one_step_variant,needs_native_review,train,blocked,STUDENT,PARENT|PRINCIPAL|STUDENT|TEACHER,NO,NONE,natural_query,NO,NO,BLOCK
ਕਿਰਪਾ ਕਰਕੇ ਕਿਰਪਾ ਕਰਕੇ ਕਿਰਪਾ ਕਰਕੇ ਮੇਰਾ ਕਾਲਜ ਅਸਾਈਨਮੈਂਟ ਲਿਖੋ.,OUT_OF_SCOPE,Punjabi,clean_seed_or_one_step_variant,needs_native_review,train,blocked,STUDENT,PARENT|PRINCIPAL|STUDENT|TEACHER,NO,NONE,natural_query,NO,NO,BLOCK
ਕਿਰਪਾ ਕਰਕੇ ਕਿਰਪਾ ਕਰਕੇ ਕਿਰਪਾ ਕਰਕੇ ਕਿਰਪਾ ਕਰਕੇ ਮੇਰਾ ਕਾਲਜ ਅਸਾਈਨਮੈਂਟ ਲਿਖੋ.,OUT_OF_SCOPE,Punjabi,clean_seed_or_one_step_variant,needs_native_review,validation,blocked,STUDENT,PARENT|PRINCIPAL|STUDENT|TEACHER,NO,NONE,natural_query,NO,NO,BLOCK
ਮੇਰੀ ਹਾਜ਼ਰੀ ਕਿੰਨੀ ਹੈ?,OWN_ATTENDANCE,Punjabi,clean_seed_or_one_step_variant,needs_native_review,train,get_my_attendance,STUDENT,PARENT|PRINCIPAL|STUDENT|TEACHER,YES,ATTENDANCE_CONTEXT,short,YES,NO,READ
ਮੇਰੀ ਹਾਜ਼ਰੀ ਕਿੰਨੇ ਪ੍ਰਤੀਸ਼ਤ ਹੈ?,OWN_ATTENDANCE,Punjabi,clean_seed_or_one_step_variant,needs_native_review,train,get_my_attendance,STUDENT,PARENT|PRINCIPAL|STUDENT|TEACHER,YES,ATTENDANCE_CONTEXT,short,YES,NO,READ
ਕੀ ਤੁਸੀਂ ਮੇਰੀ ਹਾਜ਼ਰੀ ਚੈੱਕ ਕਰ ਸਕਦੇ ਹੋ?,OWN_ATTENDANCE,Punjabi,clean_seed_or_one_step_variant,needs_native_review,validation,get_my_attendance,STUDENT,PARENT|PRINCIPAL|STUDENT|TEACHER,YES,ATTENDANCE_CONTEXT,natural_query,YES,NO,READ
ਕਿਰਪਾ ਕਰਕੇ ਮੇਰੀ ਹਾਜ਼ਰੀ ਕਿੰਨੀ ਹੈ?,OWN_ATTENDANCE,Punjabi,clean_seed_or_one_step_variant,needs_native_review,train,get_my_attendance,STUDENT,PARENT|PRINCIPAL|STUDENT|TEACHER,YES,ATTENDANCE_CONTEXT,natural_query,YES,NO,READ
ਕਿਰਪਾ ਕਰਕੇ ਮੇਰੀ ਹਾਜ਼ਰੀ ਕਿੰਨੇ ਪ੍ਰਤੀਸ਼ਤ ਹੈ?,OWN_ATTENDANCE,Punjabi,clean_seed_or_one_step_variant,needs_native_review,test,get_my_attendance,STUDENT,PARENT|PRINCIPAL|STUDENT|TEACHER,YES,ATTENDANCE_CONTEXT,natural_query,YES,NO,READ
ਪੂਰੇ ਸਕੂਲ ਦੀ ਹਾਜ਼ਰੀ ਦੀ ਰਿਪੋਰਟ ਦਿਖਾਓ.,SCHOOL_ANALYTICS,Punjabi,clean_seed_or_one_step_variant,needs_native_review,validation,get_school_analytics,PRINCIPAL,PRINCIPAL,YES,ATTENDANCE_CONTEXT,natural_query,YES,NO,READ
ਕਿਰਪਾ ਕਰਕੇ ਪੂਰੇ ਸਕੂਲ ਦੀ ਹਾਜ਼ਰੀ ਦੀ ਰਿਪੋਰਟ ਦਿਖਾਓ.,SCHOOL_ANALYTICS,Punjabi,clean_seed_or_one_step_variant,needs_native_review,train,get_school_analytics,PRINCIPAL,PRINCIPAL,YES,ATTENDANCE_CONTEXT,natural_query,YES,NO,READ
ਕਿਰਪਾ ਕਰਕੇ ਕਿਰਪਾ ਕਰਕੇ ਪੂਰੇ ਸਕੂਲ ਦੀ ਹਾਜ਼ਰੀ ਦੀ ਰਿਪੋਰਟ ਦਿਖਾਓ.,SCHOOL_ANALYTICS,Punjabi,clean_seed_or_one_step_variant,needs_native_review,train,get_school_analytics,PRINCIPAL,PRINCIPAL,YES,ATTENDANCE_CONTEXT,natural_query,YES,NO,READ
ਕਿਰਪਾ ਕਰਕੇ ਕਿਰਪਾ ਕਰਕੇ ਕਿਰਪਾ ਕਰਕੇ ਪੂਰੇ ਸਕੂਲ ਦੀ ਹਾਜ਼ਰੀ ਦੀ ਰਿਪੋਰਟ ਦਿਖਾਓ.,SCHOOL_ANALYTICS,Punjabi,clean_seed_or_one_step_variant,needs_native_review,test,get_school_analytics,PRINCIPAL,PRINCIPAL,YES,ATTENDANCE_CONTEXT,natural_query,YES,NO,READ
ਕਿਰਪਾ ਕਰਕੇ ਕਿਰਪਾ ਕਰਕੇ ਕਿਰਪਾ ਕਰਕੇ ਕਿਰਪਾ ਕਰਕੇ ਪੂਰੇ ਸਕੂਲ ਦੀ ਹਾਜ਼ਰੀ ਦੀ ਰਿਪੋਰਟ ਦਿਖਾਓ.,SCHOOL_ANALYTICS,Punjabi,clean_seed_or_one_step_variant,needs_native_review,train,get_school_analytics,PRINCIPAL,PRINCIPAL,YES,ATTENDANCE_CONTEXT,natural_query,YES,NO,READ
ਕੱਲ੍ਹ ਰਾਹੁਲ ਦਾ ਟਾਈਮਟੇਬਲ ਕੀ ਹੈ?,TIMETABLE,Punjabi,clean_seed_or_one_step_variant,needs_native_review,validation,get_timetable,STUDENT,PARENT|STUDENT|TEACHER,YES,NONE,natural_query,YES,NO,READ
ਕੱਲ੍ਹ ਮੇਰੀਆਂ ਕਿਹੜੀਆਂ ਕਲਾਸਾਂ ਹਨ?,TIMETABLE,Punjabi,clean_seed_or_one_step_variant,needs_native_review,train,get_timetable,STUDENT,PARENT|STUDENT|TEACHER,YES,NONE,short,YES,NO,READ
ਮੇਰਾ ਟਾਈਮਟੇਬਲ ਦਿਖਾਓ।,TIMETABLE,Punjabi,clean_seed_or_one_step_variant,needs_native_review,train,get_timetable,STUDENT,PARENT|STUDENT|TEACHER,YES,NONE,short,YES,NO,READ
ਕਿਰਪਾ ਕਰਕੇ ਕੱਲ੍ਹ ਰਾਹੁਲ ਦਾ ਟਾਈਮਟੇਬਲ ਕੀ ਹੈ?,TIMETABLE,Punjabi,clean_seed_or_one_step_variant,needs_native_review,test,get_timetable,STUDENT,PARENT|STUDENT|TEACHER,YES,NONE,natural_query,YES,NO,READ
ਕਿਰਪਾ ਕਰਕੇ ਕੱਲ੍ਹ ਮੇਰੀਆਂ ਕਿਹੜੀਆਂ ਕਲਾਸਾਂ ਹਨ?,TIMETABLE,Punjabi,clean_seed_or_one_step_variant,needs_native_review,train,get_timetable,STUDENT,PARENT|STUDENT|TEACHER,YES,NONE,natural_query,YES,NO,READ
ராஹுலின் படிப்பு முன்னேற்றம் எப்படி உள்ளது?,ACADEMIC_PERFORMANCE,Tamil,clean_seed_or_one_step_variant,needs_native_review,train,get_academic_performance,STUDENT,PARENT|STUDENT|TEACHER,YES,NONE,short,YES,NO,READ
தயவுசெய்து ராஹுலின் படிப்பு முன்னேற்றம் எப்படி உள்ளது?,ACADEMIC_PERFORMANCE,Tamil,clean_seed_or_one_step_variant,needs_native_review,train,get_academic_performance,STUDENT,PARENT|STUDENT|TEACHER,YES,NONE,polite_request,YES,NO,READ
நீங்கள் சொல்ல முடியுமா: ராஹுலின் படிப்பு முன்னேற்றம் எப்படி உள்ளது?,ACADEMIC_PERFORMANCE,Tamil,clean_seed_or_one_step_variant,needs_native_review,test,get_academic_performance,STUDENT,PARENT|STUDENT|TEACHER,YES,NONE,polite_request,YES,NO,READ
எனக்கு தெரிந்து கொள்ள வேண்டும்: ராஹுலின் படிப்பு முன்னேற்றம் எப்படி உள்ளது?,ACADEMIC_PERFORMANCE,Tamil,clean_seed_or_one_step_variant,needs_native_review,train,get_academic_performance,STUDENT,PARENT|STUDENT|TEACHER,YES,NONE,natural_query,YES,NO,READ
இதை சரிபார்க்க முடியுமா: ராஹுலின் படிப்பு முன்னேற்றம் எப்படி உள்ளது?,ACADEMIC_PERFORMANCE,Tamil,clean_seed_or_one_step_variant,needs_native_review,validation,get_academic_performance,STUDENT,PARENT|STUDENT|TEACHER,YES,NONE,natural_query,YES,NO,READ
பள்ளியின் சமீபத்திய அறிவிப்புகளை காட்டுங்கள்.,ANNOUNCEMENT,Tamil,clean_seed_or_one_step_variant,needs_native_review,train,get_announcements,PARENT,PARENT|PRINCIPAL|STUDENT|TEACHER,YES,NONE,short,YES,NO,READ
தயவுசெய்து பள்ளியின் சமீபத்திய அறிவிப்புகளை காட்டுங்கள்.,ANNOUNCEMENT,Tamil,clean_seed_or_one_step_variant,needs_native_review,train,get_announcements,PARENT,PARENT|PRINCIPAL|STUDENT|TEACHER,YES,NONE,short,YES,NO,READ
நீங்கள் சொல்ல முடியுமா: பள்ளியின் சமீபத்திய அறிவிப்புகளை காட்டுங்கள்.,ANNOUNCEMENT,Tamil,clean_seed_or_one_step_variant,needs_native_review,validation,get_announcements,PARENT,PARENT|PRINCIPAL|STUDENT|TEACHER,YES,NONE,polite_request,YES,NO,READ
எனக்கு தெரிந்து கொள்ள வேண்டும்: பள்ளியின் சமீபத்திய அறிவிப்புகளை காட்டுங்கள்.,ANNOUNCEMENT,Tamil,clean_seed_or_one_step_variant,needs_native_review,test,get_announcements,PARENT,PARENT|PRINCIPAL|STUDENT|TEACHER,YES,NONE,natural_query,YES,NO,READ
இதை சரிபார்க்க முடியுமா: பள்ளியின் சமீபத்திய அறிவிப்புகளை காட்டுங்கள்.,ANNOUNCEMENT,Tamil,clean_seed_or_one_step_variant,needs_native_review,train,get_announcements,PARENT,PARENT|PRINCIPAL|STUDENT|TEACHER,YES,NONE,natural_query,YES,NO,READ
ராகுல் தனது பணியை சமர்ப்பித்தாரா?,ASSIGNMENT,Tamil,clean_seed_or_one_step_variant,needs_native_review,test,get_assignments,STUDENT,PARENT|STUDENT|TEACHER,YES,NONE,short,YES,NO,READ
தயவுசெய்து ராகுல் தனது பணியை சமர்ப்பித்தாரா?,ASSIGNMENT,Tamil,clean_seed_or_one_step_variant,needs_native_review,train,get_assignments,STUDENT,PARENT|STUDENT|TEACHER,YES,NONE,short,YES,NO,READ
நீங்கள் சொல்ல முடியுமா: ராகுல் தனது பணியை சமர்ப்பித்தாரா?,ASSIGNMENT,Tamil,clean_seed_or_one_step_variant,needs_native_review,validation,get_assignments,STUDENT,PARENT|STUDENT|TEACHER,YES,NONE,polite_request,YES,NO,READ
எனக்கு தெரிந்து கொள்ள வேண்டும்: ராகுல் தனது பணியை சமர்ப்பித்தாரா?,ASSIGNMENT,Tamil,clean_seed_or_one_step_variant,needs_native_review,train,get_assignments,STUDENT,PARENT|STUDENT|TEACHER,YES,NONE,natural_query,YES,NO,READ
இதை சரிபார்க்க முடியுமா: ராகுல் தனது பணியை சமர்ப்பித்தாரா?,ASSIGNMENT,Tamil,clean_seed_or_one_step_variant,needs_native_review,train,get_assignments,STUDENT,PARENT|STUDENT|TEACHER,YES,NONE,natural_query,YES,NO,READ
கடந்த மாதம் ராகுலின் வருகை எவ்வளவு?,ATTENDANCE_HISTORY,Tamil,clean_seed_or_one_step_variant,needs_native_review,train,get_attendance_history,STUDENT,PARENT|PRINCIPAL|STUDENT|TEACHER,YES,DATE|ATTENDANCE_CONTEXT,short,YES,NO,READ
தயவுசெய்து கடந்த மாதம் ராகுலின் வருகை எவ்வளவு?,ATTENDANCE_HISTORY,Tamil,clean_seed_or_one_step_variant,needs_native_review,test,get_attendance_history,STUDENT,PARENT|PRINCIPAL|STUDENT|TEACHER,YES,DATE|ATTENDANCE_CONTEXT,polite_request,YES,NO,READ
நீங்கள் சொல்ல முடியுமா: கடந்த மாதம் ராகுலின் வருகை எவ்வளவு?,ATTENDANCE_HISTORY,Tamil,clean_seed_or_one_step_variant,needs_native_review,train,get_attendance_history,STUDENT,PARENT|PRINCIPAL|STUDENT|TEACHER,YES,DATE|ATTENDANCE_CONTEXT,polite_request,YES,NO,READ
எனக்கு தெரிந்து கொள்ள வேண்டும்: கடந்த மாதம் ராகுலின் வருகை எவ்வளவு?,ATTENDANCE_HISTORY,Tamil,clean_seed_or_one_step_variant,needs_native_review,train,get_attendance_history,STUDENT,PARENT|PRINCIPAL|STUDENT|TEACHER,YES,DATE|ATTENDANCE_CONTEXT,natural_query,YES,NO,READ
இதை சரிபார்க்க முடியுமா: கடந்த மாதம் ராகுலின் வருகை எவ்வளவு?,ATTENDANCE_HISTORY,Tamil,clean_seed_or_one_step_variant,needs_native_review,validation,get_attendance_history,STUDENT,PARENT|PRINCIPAL|STUDENT|TEACHER,YES,DATE|ATTENDANCE_CONTEXT,natural_query,YES,NO,READ
என் குழந்தையின் வருகைப்பதிவு எவ்வளவு?,CHILD_ATTENDANCE,Tamil,clean_seed_or_one_step_variant,needs_native_review,train,get_child_attendance,PARENT,PARENT|PRINCIPAL|TEACHER,YES,ATTENDANCE_CONTEXT,short,YES,NO,READ
ராகுலின் வருகையை சரிபார்க்க முடியுமா?,CHILD_ATTENDANCE,Tamil,clean_seed_or_one_step_variant,needs_native_review,validation,get_child_attendance,PARENT,PARENT|PRINCIPAL|TEACHER,YES,ATTENDANCE_CONTEXT,short,YES,NO,READ
என் மகனின் வருகை எப்படி உள்ளது?,CHILD_ATTENDANCE,Tamil,clean_seed_or_one_step_variant,needs_native_review,train,get_child_attendance,PARENT,PARENT|PRINCIPAL|TEACHER,YES,ATTENDANCE_CONTEXT,short,YES,NO,READ
தயவுசெய்து என் குழந்தையின் வருகைப்பதிவு எவ்வளவு?,CHILD_ATTENDANCE,Tamil,clean_seed_or_one_step_variant,needs_native_review,train,get_child_attendance,PARENT,PARENT|PRINCIPAL|TEACHER,YES,ATTENDANCE_CONTEXT,short,YES,NO,READ
தயவுசெய்து ராகுலின் வருகையை சரிபார்க்க முடியுமா?,CHILD_ATTENDANCE,Tamil,clean_seed_or_one_step_variant,needs_native_review,test,get_child_attendance,PARENT,PARENT|PRINCIPAL|TEACHER,YES,ATTENDANCE_CONTEXT,short,YES,NO,READ
என் குழந்தையின் ஆசிரியரிடம் பேச வேண்டும்.,ESCALATION,Tamil,clean_seed_or_one_step_variant,needs_native_review,test,create_escalation_request,PARENT,PARENT|PRINCIPAL|STUDENT|TEACHER,YES,NONE,short,YES,YES,ACTION
என்னை ஆசிரியருடன் இணைக்கவும்.,ESCALATION,Tamil,clean_seed_or_one_step_variant,needs_native_review,train,create_escalation_request,PARENT,PARENT|PRINCIPAL|STUDENT|TEACHER,YES,NONE,short,YES,YES,ACTION
பள்ளி நிர்வாகத்தை தொடர்பு கொள்ள வேண்டும்.,ESCALATION,Tamil,clean_seed_or_one_step_variant,needs_native_review,train,create_escalation_request,PARENT,PARENT|PRINCIPAL|STUDENT|TEACHER,YES,NONE,short,YES,YES,ACTION
தயவுசெய்து என் குழந்தையின் ஆசிரியரிடம் பேச வேண்டும்.,ESCALATION,Tamil,clean_seed_or_one_step_variant,needs_native_review,train,create_escalation_request,PARENT,PARENT|PRINCIPAL|STUDENT|TEACHER,YES,NONE,polite_request,YES,YES,ACTION
தயவுசெய்து என்னை ஆசிரியருடன் இணைக்கவும்.,ESCALATION,Tamil,clean_seed_or_one_step_variant,needs_native_review,validation,create_escalation_request,PARENT,PARENT|PRINCIPAL|STUDENT|TEACHER,YES,NONE,short,YES,YES,ACTION
என் கணிதத் தேர்வு எப்போது?,EXAM,Tamil,clean_seed_or_one_step_variant,needs_native_review,train,get_exams,STUDENT,PARENT|STUDENT|TEACHER,YES,NONE,short,YES,NO,READ
வரவிருக்கும் தேர்வுகள் என்ன?,EXAM,Tamil,clean_seed_or_one_step_variant,needs_native_review,train,get_exams,STUDENT,PARENT|STUDENT|TEACHER,YES,NONE,short,YES,NO,READ
தேர்வு அட்டவணையை சொல்லுங்கள்.,EXAM,Tamil,clean_seed_or_one_step_variant,needs_native_review,train,get_exams,STUDENT,PARENT|STUDENT|TEACHER,YES,NONE,short,YES,NO,READ
தயவுசெய்து என் கணிதத் தேர்வு எப்போது?,EXAM,Tamil,clean_seed_or_one_step_variant,needs_native_review,test,get_exams,STUDENT,PARENT|STUDENT|TEACHER,YES,NONE,short,YES,NO,READ
தயவுசெய்து வரவிருக்கும் தேர்வுகள் என்ன?,EXAM,Tamil,clean_seed_or_one_step_variant,needs_native_review,validation,get_exams,STUDENT,PARENT|STUDENT|TEACHER,YES,NONE,short,YES,NO,READ
என் குழந்தையின் கட்டண நிலையை காட்டுங்கள்.,FEES,Tamil,clean_seed_or_one_step_variant,needs_native_review,train,get_fees,PARENT,PARENT|PRINCIPAL|STUDENT,YES,NONE,short,YES,NO,READ
தயவுசெய்து என் குழந்தையின் கட்டண நிலையை காட்டுங்கள்.,FEES,Tamil,clean_seed_or_one_step_variant,needs_native_review,train,get_fees,PARENT,PARENT|PRINCIPAL|STUDENT,YES,NONE,polite_request,YES,NO,READ
நீங்கள் சொல்ல முடியுமா: என் குழந்தையின் கட்டண நிலையை காட்டுங்கள்.,FEES,Tamil,clean_seed_or_one_step_variant,needs_native_review,train,get_fees,PARENT,PARENT|PRINCIPAL|STUDENT,YES,NONE,polite_request,YES,NO,READ
எனக்கு தெரிந்து கொள்ள வேண்டும்: என் குழந்தையின் கட்டண நிலையை காட்டுங்கள்.,FEES,Tamil,clean_seed_or_one_step_variant,needs_native_review,test,get_fees,PARENT,PARENT|PRINCIPAL|STUDENT,YES,NONE,natural_query,YES,NO,READ
இதை சரிபார்க்க முடியுமா: என் குழந்தையின் கட்டண நிலையை காட்டுங்கள்.,FEES,Tamil,clean_seed_or_one_step_variant,needs_native_review,validation,get_fees,PARENT,PARENT|PRINCIPAL|STUDENT,YES,NONE,natural_query,YES,NO,READ
நீங்கள் எனக்கு எப்படி உதவ முடியும்?,GENERAL_HELP,Tamil,clean_seed_or_one_step_variant,needs_native_review,train,none,STUDENT,PARENT|PRINCIPAL|STUDENT|TEACHER,NO,NONE,short,NO,NO,READ
தயவுசெய்து நீங்கள் எனக்கு எப்படி உதவ முடியும்?,GENERAL_HELP,Tamil,clean_seed_or_one_step_variant,needs_native_review,test,none,STUDENT,PARENT|PRINCIPAL|STUDENT|TEACHER,NO,NONE,polite_request,NO,NO,READ
நீங்கள் சொல்ல முடியுமா: நீங்கள் எனக்கு எப்படி உதவ முடியும்?,GENERAL_HELP,Tamil,clean_seed_or_one_step_variant,needs_native_review,validation,none,STUDENT,PARENT|PRINCIPAL|STUDENT|TEACHER,NO,NONE,polite_request,NO,NO,READ
எனக்கு தெரிந்து கொள்ள வேண்டும்: நீங்கள் எனக்கு எப்படி உதவ முடியும்?,GENERAL_HELP,Tamil,clean_seed_or_one_step_variant,needs_native_review,train,none,STUDENT,PARENT|PRINCIPAL|STUDENT|TEACHER,NO,NONE,polite_request,NO,NO,READ
இதை சரிபார்க்க முடியுமா: நீங்கள் எனக்கு எப்படி உதவ முடியும்?,GENERAL_HELP,Tamil,clean_seed_or_one_step_variant,needs_native_review,train,none,STUDENT,PARENT|PRINCIPAL|STUDENT|TEACHER,NO,NONE,polite_request,NO,NO,READ
வணக்கம்,GREETING,Tamil,clean_seed_or_one_step_variant,needs_native_review,test,none,STUDENT,PARENT|PRINCIPAL|STUDENT|TEACHER,NO,NONE,short,NO,NO,READ
தயவுசெய்து வணக்கம்,GREETING,Tamil,clean_seed_or_one_step_variant,needs_native_review,train,none,STUDENT,PARENT|PRINCIPAL|STUDENT|TEACHER,NO,NONE,short,NO,NO,READ
நீங்கள் சொல்ல முடியுமா: வணக்கம்,GREETING,Tamil,clean_seed_or_one_step_variant,needs_native_review,train,none,STUDENT,PARENT|PRINCIPAL|STUDENT|TEACHER,NO,NONE,short,NO,NO,READ
எனக்கு தெரிந்து கொள்ள வேண்டும்: வணக்கம்,GREETING,Tamil,clean_seed_or_one_step_variant,needs_native_review,train,none,STUDENT,PARENT|PRINCIPAL|STUDENT|TEACHER,NO,NONE,short,NO,NO,READ
இதை சரிபார்க்க முடியுமா: வணக்கம்,GREETING,Tamil,clean_seed_or_one_step_variant,needs_native_review,validation,none,STUDENT,PARENT|PRINCIPAL|STUDENT|TEACHER,NO,NONE,short,NO,NO,READ
ராகுலுக்கு நாளை விடுப்பு கேட்கலாமா?,LEAVE,Tamil,clean_seed_or_one_step_variant,needs_native_review,train,leave_service,PARENT,PARENT|STUDENT,YES,DATE,short,YES,YES,ACTION
தயவுசெய்து ராகுலுக்கு நாளை விடுப்பு கேட்கலாமா?,LEAVE,Tamil,clean_seed_or_one_step_variant,needs_native_review,train,leave_service,PARENT,PARENT|STUDENT,YES,DATE,short,YES,YES,ACTION
நீங்கள் சொல்ல முடியுமா: ராகுலுக்கு நாளை விடுப்பு கேட்கலாமா?,LEAVE,Tamil,clean_seed_or_one_step_variant,needs_native_review,validation,leave_service,PARENT,PARENT|STUDENT,YES,DATE,polite_request,YES,YES,ACTION
எனக்கு தெரிந்து கொள்ள வேண்டும்: ராகுலுக்கு நாளை விடுப்பு கேட்கலாமா?,LEAVE,Tamil,clean_seed_or_one_step_variant,needs_native_review,train,leave_service,PARENT,PARENT|STUDENT,YES,DATE,natural_query,YES,YES,ACTION
இதை சரிபார்க்க முடியுமா: ராகுலுக்கு நாளை விடுப்பு கேட்கலாமா?,LEAVE,Tamil,clean_seed_or_one_step_variant,needs_native_review,test,leave_service,PARENT,PARENT|STUDENT,YES,DATE,natural_query,YES,YES,ACTION
ராகுலை இன்று வராதவர் என்று பதிவு செய்யுங்கள்.,MARK_ATTENDANCE,Tamil,clean_seed_or_one_step_variant,needs_native_review,test,mark_attendance,TEACHER,TEACHER,YES,DATE|ATTENDANCE_CONTEXT,natural_query,YES,YES,ACTION
தயவுசெய்து ராகுலை இன்று வராதவர் என்று பதிவு செய்யுங்கள்.,MARK_ATTENDANCE,Tamil,clean_seed_or_one_step_variant,needs_native_review,train,mark_attendance,TEACHER,TEACHER,YES,DATE|ATTENDANCE_CONTEXT,polite_request,YES,YES,ACTION
நீங்கள் சொல்ல முடியுமா: ராகுலை இன்று வராதவர் என்று பதிவு செய்யுங்கள்.,MARK_ATTENDANCE,Tamil,clean_seed_or_one_step_variant,needs_native_review,validation,mark_attendance,TEACHER,TEACHER,YES,DATE|ATTENDANCE_CONTEXT,polite_request,YES,YES,ACTION
எனக்கு தெரிந்து கொள்ள வேண்டும்: ராகுலை இன்று வராதவர் என்று பதிவு செய்யுங்கள்.,MARK_ATTENDANCE,Tamil,clean_seed_or_one_step_variant,needs_native_review,train,mark_attendance,TEACHER,TEACHER,YES,DATE|ATTENDANCE_CONTEXT,natural_query,YES,YES,ACTION
இதை சரிபார்க்க முடியுமா: ராகுலை இன்று வராதவர் என்று பதிவு செய்யுங்கள்.,MARK_ATTENDANCE,Tamil,clean_seed_or_one_step_variant,needs_native_review,train,mark_attendance,TEACHER,TEACHER,YES,DATE|ATTENDANCE_CONTEXT,natural_query,YES,YES,ACTION
என் கல்லூரி பணியை எழுதுங்கள்.,OUT_OF_SCOPE,Tamil,clean_seed_or_one_step_variant,needs_native_review,validation,blocked,STUDENT,PARENT|PRINCIPAL|STUDENT|TEACHER,NO,NONE,short,NO,NO,BLOCK
தயவுசெய்து என் கல்லூரி பணியை எழுதுங்கள்.,OUT_OF_SCOPE,Tamil,clean_seed_or_one_step_variant,needs_native_review,train,blocked,STUDENT,PARENT|PRINCIPAL|STUDENT|TEACHER,NO,NONE,short,NO,NO,BLOCK
நீங்கள் சொல்ல முடியுமா: என் கல்லூரி பணியை எழுதுங்கள்.,OUT_OF_SCOPE,Tamil,clean_seed_or_one_step_variant,needs_native_review,train,blocked,STUDENT,PARENT|PRINCIPAL|STUDENT|TEACHER,NO,NONE,polite_request,NO,NO,BLOCK
எனக்கு தெரிந்து கொள்ள வேண்டும்: என் கல்லூரி பணியை எழுதுங்கள்.,OUT_OF_SCOPE,Tamil,clean_seed_or_one_step_variant,needs_native_review,train,blocked,STUDENT,PARENT|PRINCIPAL|STUDENT|TEACHER,NO,NONE,natural_query,NO,NO,BLOCK
இதை சரிபார்க்க முடியுமா: என் கல்லூரி பணியை எழுதுங்கள்.,OUT_OF_SCOPE,Tamil,clean_seed_or_one_step_variant,needs_native_review,test,blocked,STUDENT,PARENT|PRINCIPAL|STUDENT|TEACHER,NO,NONE,natural_query,NO,NO,BLOCK
எனது வருகைப்பதிவு எவ்வளவு?,OWN_ATTENDANCE,Tamil,clean_seed_or_one_step_variant,needs_native_review,train,get_my_attendance,STUDENT,PARENT|PRINCIPAL|STUDENT|TEACHER,YES,ATTENDANCE_CONTEXT,short,YES,NO,READ
என் வருகை சதவீதம் எவ்வளவு?,OWN_ATTENDANCE,Tamil,clean_seed_or_one_step_variant,needs_native_review,validation,get_my_attendance,STUDENT,PARENT|PRINCIPAL|STUDENT|TEACHER,YES,ATTENDANCE_CONTEXT,short,YES,NO,READ
என் வருகையை சரிபார்க்க முடியுமா?,OWN_ATTENDANCE,Tamil,clean_seed_or_one_step_variant,needs_native_review,train,get_my_attendance,STUDENT,PARENT|PRINCIPAL|STUDENT|TEACHER,YES,ATTENDANCE_CONTEXT,short,YES,NO,READ
தயவுசெய்து எனது வருகைப்பதிவு எவ்வளவு?,OWN_ATTENDANCE,Tamil,clean_seed_or_one_step_variant,needs_native_review,train,get_my_attendance,STUDENT,PARENT|PRINCIPAL|STUDENT|TEACHER,YES,ATTENDANCE_CONTEXT,short,YES,NO,READ
தயவுசெய்து என் வருகை சதவீதம் எவ்வளவு?,OWN_ATTENDANCE,Tamil,clean_seed_or_one_step_variant,needs_native_review,test,get_my_attendance,STUDENT,PARENT|PRINCIPAL|STUDENT|TEACHER,YES,ATTENDANCE_CONTEXT,short,YES,NO,READ
முழு பள்ளியின் வருகை அறிக்கையை காட்டுங்கள்.,SCHOOL_ANALYTICS,Tamil,clean_seed_or_one_step_variant,needs_native_review,train,get_school_analytics,PRINCIPAL,PRINCIPAL,YES,ATTENDANCE_CONTEXT,short,YES,NO,READ
தயவுசெய்து முழு பள்ளியின் வருகை அறிக்கையை காட்டுங்கள்.,SCHOOL_ANALYTICS,Tamil,clean_seed_or_one_step_variant,needs_native_review,train,get_school_analytics,PRINCIPAL,PRINCIPAL,YES,ATTENDANCE_CONTEXT,polite_request,YES,NO,READ
நீங்கள் சொல்ல முடியுமா: முழு பள்ளியின் வருகை அறிக்கையை காட்டுங்கள்.,SCHOOL_ANALYTICS,Tamil,clean_seed_or_one_step_variant,needs_native_review,train,get_school_analytics,PRINCIPAL,PRINCIPAL,YES,ATTENDANCE_CONTEXT,polite_request,YES,NO,READ
எனக்கு தெரிந்து கொள்ள வேண்டும்: முழு பள்ளியின் வருகை அறிக்கையை காட்டுங்கள்.,SCHOOL_ANALYTICS,Tamil,clean_seed_or_one_step_variant,needs_native_review,test,get_school_analytics,PRINCIPAL,PRINCIPAL,YES,ATTENDANCE_CONTEXT,natural_query,YES,NO,READ
இதை சரிபார்க்க முடியுமா: முழு பள்ளியின் வருகை அறிக்கையை காட்டுங்கள்.,SCHOOL_ANALYTICS,Tamil,clean_seed_or_one_step_variant,needs_native_review,validation,get_school_analytics,PRINCIPAL,PRINCIPAL,YES,ATTENDANCE_CONTEXT,natural_query,YES,NO,READ
நாளை ராகுலின் அட்டவணை என்ன?,TIMETABLE,Tamil,clean_seed_or_one_step_variant,needs_native_review,train,get_timetable,STUDENT,PARENT|STUDENT|TEACHER,YES,DATE,short,YES,NO,READ
எனக்கு நாளை என்ன வகுப்புகள் உள்ளன?,TIMETABLE,Tamil,clean_seed_or_one_step_variant,needs_native_review,test,get_timetable,STUDENT,PARENT|STUDENT|TEACHER,YES,DATE,short,YES,NO,READ
என் வகுப்பு அட்டவணையை காட்டுங்கள்.,TIMETABLE,Tamil,clean_seed_or_one_step_variant,needs_native_review,train,get_timetable,STUDENT,PARENT|STUDENT|TEACHER,YES,NONE,short,YES,NO,READ
தயவுசெய்து நாளை ராகுலின் அட்டவணை என்ன?,TIMETABLE,Tamil,clean_seed_or_one_step_variant,needs_native_review,train,get_timetable,STUDENT,PARENT|STUDENT|TEACHER,YES,DATE,short,YES,NO,READ
தயவுசெய்து எனக்கு நாளை என்ன வகுப்புகள் உள்ளன?,TIMETABLE,Tamil,clean_seed_or_one_step_variant,needs_native_review,validation,get_timetable,STUDENT,PARENT|STUDENT|TEACHER,YES,DATE,polite_request,YES,NO,READ
రాహుల్ చదువులో ఎలా చేస్తున్నాడు?,ACADEMIC_PERFORMANCE,Telugu,clean_seed_or_one_step_variant,needs_native_review,train,get_academic_performance,STUDENT,PARENT|STUDENT|TEACHER,YES,NONE,short,YES,NO,READ
నా గ్రేడ్‌లను చూపించండి.,ACADEMIC_PERFORMANCE,Telugu,clean_seed_or_one_step_variant,needs_native_review,train,get_academic_performance,STUDENT,PARENT|STUDENT|TEACHER,YES,NONE,short_or_statement,YES,NO,READ
నా పిల్లవాడి మార్కులు ఎలా ఉన్నాయి?,ACADEMIC_PERFORMANCE,Telugu,clean_seed_or_one_step_variant,needs_native_review,train,get_academic_performance,STUDENT,PARENT|STUDENT|TEACHER,YES,NONE,short,YES,NO,READ
నేను ఏ సబ్జెక్టులో బలహీనంగా ఉన్నాను?,ACADEMIC_PERFORMANCE,Telugu,clean_seed_or_one_step_variant,needs_native_review,validation,get_academic_performance,STUDENT,PARENT|STUDENT|TEACHER,YES,NONE,short,YES,NO,READ
నా చదువు పురోగతిని చెప్పండి.,ACADEMIC_PERFORMANCE,Telugu,clean_seed_or_one_step_variant,needs_native_review,test,get_academic_performance,STUDENT,PARENT|STUDENT|TEACHER,YES,NONE,short_or_statement,YES,NO,READ
పాఠశాలలో ఏమైనా కొత్త ప్రకటనలు ఉన్నాయా?,ANNOUNCEMENT,Telugu,clean_seed_or_one_step_variant,needs_native_review,validation,get_announcements,PARENT,PARENT|PRINCIPAL|STUDENT|TEACHER,YES,NONE,short,YES,NO,READ
ఈరోజు పాఠశాల ఏం ప్రకటించింది?,ANNOUNCEMENT,Telugu,clean_seed_or_one_step_variant,needs_native_review,test,get_announcements,PARENT,PARENT|PRINCIPAL|STUDENT|TEACHER,YES,NONE,short,YES,NO,READ
ఇటీవలి నోటీసులను చూపించండి.,ANNOUNCEMENT,Telugu,clean_seed_or_one_step_variant,needs_native_review,train,get_announcements,PARENT,PARENT|PRINCIPAL|STUDENT|TEACHER,YES,NONE,short_or_statement,YES,NO,READ
ఏదైనా ముఖ్యమైన స్కూల్ అప్‌డేట్ ఉందా?,ANNOUNCEMENT,Telugu,clean_seed_or_one_step_variant,needs_native_review,train,get_announcements,PARENT,PARENT|PRINCIPAL|STUDENT|TEACHER,YES,NONE,short,YES,NO,READ
స్కూల్ ఏదైనా కొత్త నోటీసు విడుదల చేసిందా?,ANNOUNCEMENT,Telugu,clean_seed_or_one_step_variant,needs_native_review,train,get_announcements,PARENT,PARENT|PRINCIPAL|STUDENT|TEACHER,YES,NONE,natural_query,YES,NO,READ
రాహుల్ తన అసైన్‌మెంట్ సమర్పించాడా?,ASSIGNMENT,Telugu,clean_seed_or_one_step_variant,needs_native_review,validation,get_assignments,STUDENT,PARENT|STUDENT|TEACHER,YES,NONE,short,YES,NO,READ
ఏ అసైన్‌మెంట్లు ఇంకా పెండింగ్‌లో ఉన్నాయి?,ASSIGNMENT,Telugu,clean_seed_or_one_step_variant,needs_native_review,train,get_assignments,STUDENT,PARENT|STUDENT|TEACHER,YES,NONE,short,YES,NO,READ
నా ఇటీవలి అసైన్‌మెంట్లను చూపించండి.,ASSIGNMENT,Telugu,clean_seed_or_one_step_variant,needs_native_review,train,get_assignments,STUDENT,PARENT|STUDENT|TEACHER,YES,NONE,short_or_statement,YES,NO,READ
నా పిల్లవాడు హోమ్‌వర్క్ సమర్పించాడా?,ASSIGNMENT,Telugu,clean_seed_or_one_step_variant,needs_native_review,test,get_assignments,STUDENT,PARENT|STUDENT|TEACHER,YES,NONE,short,YES,NO,READ
ఏ అసైన్‌మెంట్లు సమర్పించాలి?,ASSIGNMENT,Telugu,clean_seed_or_one_step_variant,needs_native_review,train,get_assignments,STUDENT,PARENT|STUDENT|TEACHER,YES,NONE,short,YES,NO,READ
గత నెల రాహుల్ అటెండెన్స్ ఎంత ఉంది?,ATTENDANCE_HISTORY,Telugu,clean_seed_or_one_step_variant,needs_native_review,train,get_attendance_history,STUDENT,PARENT|PRINCIPAL|STUDENT|TEACHER,YES,ATTENDANCE_CONTEXT,natural_query,YES,NO,READ
అతని ఇటీవలి హాజరును చూపించండి.,ATTENDANCE_HISTORY,Telugu,clean_seed_or_one_step_variant,needs_native_review,train,get_attendance_history,STUDENT,PARENT|PRINCIPAL|STUDENT|TEACHER,YES,ATTENDANCE_CONTEXT,short_or_statement,YES,NO,READ
రాహుల్ ఏ రోజుల్లో గైర్హాజరయ్యాడు?,ATTENDANCE_HISTORY,Telugu,clean_seed_or_one_step_variant,needs_native_review,test,get_attendance_history,STUDENT,PARENT|PRINCIPAL|STUDENT|TEACHER,YES,ATTENDANCE_CONTEXT,short,YES,NO,READ
అతని అటెండెన్స్ చరిత్రను చూపగలరా?,ATTENDANCE_HISTORY,Telugu,clean_seed_or_one_step_variant,needs_native_review,validation,get_attendance_history,STUDENT,PARENT|PRINCIPAL|STUDENT|TEACHER,YES,ATTENDANCE_CONTEXT,short,YES,NO,READ
ఈ నెల అతను ఎన్ని రోజులు గైర్హాజరయ్యాడు?,ATTENDANCE_HISTORY,Telugu,clean_seed_or_one_step_variant,needs_native_review,train,get_attendance_history,STUDENT,PARENT|PRINCIPAL|STUDENT|TEACHER,YES,ATTENDANCE_CONTEXT,natural_query,YES,NO,READ
నా పిల్లవాడి హాజరు ఎంత ఉంది?,CHILD_ATTENDANCE,Telugu,clean_seed_or_one_step_variant,needs_native_review,train,get_child_attendance,PARENT,PARENT|PRINCIPAL|TEACHER,YES,ATTENDANCE_CONTEXT,short,YES,NO,READ
రాహుల్ అటెండెన్స్ చెక్ చేయగలరా?,CHILD_ATTENDANCE,Telugu,clean_seed_or_one_step_variant,needs_native_review,train,get_child_attendance,PARENT,PARENT|PRINCIPAL|TEACHER,YES,ATTENDANCE_CONTEXT,short,YES,NO,READ
నా కుమార్తె హాజరు శాతం ఎంత?,CHILD_ATTENDANCE,Telugu,clean_seed_or_one_step_variant,needs_native_review,train,get_child_attendance,PARENT,PARENT|PRINCIPAL|TEACHER,YES,ATTENDANCE_CONTEXT,short,YES,NO,READ
నా కుమారుడి అటెండెన్స్ ఎలా ఉంది?,CHILD_ATTENDANCE,Telugu,clean_seed_or_one_step_variant,needs_native_review,validation,get_child_attendance,PARENT,PARENT|PRINCIPAL|TEACHER,YES,ATTENDANCE_CONTEXT,short,YES,NO,READ
నా పిల్లవాడి హాజరును చూపించండి.,CHILD_ATTENDANCE,Telugu,clean_seed_or_one_step_variant,needs_native_review,test,get_child_attendance,PARENT,PARENT|PRINCIPAL|TEACHER,YES,ATTENDANCE_CONTEXT,short_or_statement,YES,NO,READ
నా పిల్లవాడి టీచర్‌తో మాట్లాడాలి.,ESCALATION,Telugu,clean_seed_or_one_step_variant,needs_native_review,test,create_escalation_request,PARENT,PARENT|PRINCIPAL|STUDENT|TEACHER,YES,NONE,short_or_statement,YES,YES,ACTION
నన్ను టీచర్‌తో కనెక్ట్ చేయండి.,ESCALATION,Telugu,clean_seed_or_one_step_variant,needs_native_review,validation,create_escalation_request,PARENT,PARENT|PRINCIPAL|STUDENT|TEACHER,YES,NONE,short_or_statement,YES,YES,ACTION
నాకు స్కూల్ మేనేజ్‌మెంట్‌ను సంప్రదించాలి.,ESCALATION,Telugu,clean_seed_or_one_step_variant,needs_native_review,train,create_escalation_request,PARENT,PARENT|PRINCIPAL|STUDENT|TEACHER,YES,NONE,short_or_statement,YES,YES,ACTION
టీచర్ నుండి కాల్ కోసం అభ్యర్థన చేయండి.,ESCALATION,Telugu,clean_seed_or_one_step_variant,needs_native_review,train,create_escalation_request,PARENT,PARENT|PRINCIPAL|STUDENT|TEACHER,YES,NONE,short_or_statement,YES,YES,ACTION
"నాకు సంతృప్తిగా లేదు, ఒక వ్యక్తితో మాట్లాడాలి.",ESCALATION,Telugu,clean_seed_or_one_step_variant,needs_native_review,train,create_escalation_request,PARENT,PARENT|PRINCIPAL|STUDENT|TEACHER,YES,NONE,short_or_statement,YES,YES,ACTION
నా మ్యాథ్స్ పరీక్ష ఎప్పుడు ఉంది?,EXAM,Telugu,clean_seed_or_one_step_variant,needs_native_review,validation,get_exams,STUDENT,PARENT|STUDENT|TEACHER,YES,NONE,short,YES,NO,READ
రాబోయే పరీక్షలు ఏవి?,EXAM,Telugu,clean_seed_or_one_step_variant,needs_native_review,test,get_exams,STUDENT,PARENT|STUDENT|TEACHER,YES,NONE,short,YES,NO,READ
రాహుల్ రాబోయే పరీక్షలను చూపించండి.,EXAM,Telugu,clean_seed_or_one_step_variant,needs_native_review,train,get_exams,STUDENT,PARENT|STUDENT|TEACHER,YES,NONE,short_or_statement,YES,NO,READ
సైన్స్ పరీక్ష ఎప్పుడు ఉంది?,EXAM,Telugu,clean_seed_or_one_step_variant,needs_native_review,train,get_exams,STUDENT,PARENT|STUDENT|TEACHER,YES,NONE,short,YES,NO,READ
పరీక్షల షెడ్యూల్ చెప్పండి.,EXAM,Telugu,clean_seed_or_one_step_variant,needs_native_review,train,get_exams,STUDENT,PARENT|STUDENT|TEACHER,YES,NONE,short_or_statement,YES,NO,READ
నా ఫీజుల్లో ఏమైనా బకాయి ఉందా?,FEES,Telugu,clean_seed_or_one_step_variant,needs_native_review,train,get_fees,PARENT,PARENT|PRINCIPAL|STUDENT,YES,NONE,short,YES,NO,READ
ఏ ఫీజులు చెల్లించాలి?,FEES,Telugu,clean_seed_or_one_step_variant,needs_native_review,train,get_fees,PARENT,PARENT|PRINCIPAL|STUDENT,YES,NONE,short,YES,NO,READ
నా పిల్లవాడి ఫీజు స్థితిని చూపించండి.,FEES,Telugu,clean_seed_or_one_step_variant,needs_native_review,test,get_fees,PARENT,PARENT|PRINCIPAL|STUDENT,YES,NONE,short_or_statement,YES,NO,READ
తదుపరి ఫీజు ఎప్పుడు చెల్లించాలి?,FEES,Telugu,clean_seed_or_one_step_variant,needs_native_review,train,get_fees,PARENT,PARENT|PRINCIPAL|STUDENT,YES,NONE,short,YES,NO,READ
బకాయి ఫీజు ఎంత ఉంది?,FEES,Telugu,clean_seed_or_one_step_variant,needs_native_review,validation,get_fees,PARENT,PARENT|PRINCIPAL|STUDENT,YES,NONE,short,YES,NO,READ
మీరు నాకు ఎలా సహాయం చేయగలరు?,GENERAL_HELP,Telugu,clean_seed_or_one_step_variant,needs_native_review,test,none,STUDENT,PARENT|PRINCIPAL|STUDENT|TEACHER,NO,NONE,short,NO,NO,READ
ఈ అసిస్టెంట్ ఎలా పనిచేస్తుంది?,GENERAL_HELP,Telugu,clean_seed_or_one_step_variant,needs_native_review,train,none,STUDENT,PARENT|PRINCIPAL|STUDENT|TEACHER,NO,NONE,short,NO,NO,READ
స్కూల్ అసిస్టెంట్‌ను ఉపయోగించడంలో సహాయం చేయండి.,GENERAL_HELP,Telugu,clean_seed_or_one_step_variant,needs_native_review,train,none,STUDENT,PARENT|PRINCIPAL|STUDENT|TEACHER,NO,NONE,short_or_statement,NO,NO,READ
మీరు ఏ సేవలు అందించగలరు?,GENERAL_HELP,Telugu,clean_seed_or_one_step_variant,needs_native_review,train,none,STUDENT,PARENT|PRINCIPAL|STUDENT|TEACHER,NO,NONE,short,NO,NO,READ
నేను మిమ్మల్ని ఏమి అడగవచ్చు?,GENERAL_HELP,Telugu,clean_seed_or_one_step_variant,needs_native_review,validation,none,STUDENT,PARENT|PRINCIPAL|STUDENT|TEACHER,NO,NONE,short,NO,NO,READ
నమస్తే,GREETING,Telugu,clean_seed_or_one_step_variant,needs_native_review,validation,none,STUDENT,PARENT|PRINCIPAL|STUDENT|TEACHER,NO,NONE,short_or_statement,NO,NO,READ
హలో,GREETING,Telugu,clean_seed_or_one_step_variant,needs_native_review,train,none,STUDENT,PARENT|PRINCIPAL|STUDENT|TEACHER,NO,NONE,short_or_statement,NO,NO,READ
శుభోదయం,GREETING,Telugu,clean_seed_or_one_step_variant,needs_native_review,train,none,STUDENT,PARENT|PRINCIPAL|STUDENT|TEACHER,NO,NONE,short_or_statement,NO,NO,READ
నమస్కారం,GREETING,Telugu,clean_seed_or_one_step_variant,needs_native_review,train,none,STUDENT,PARENT|PRINCIPAL|STUDENT|TEACHER,NO,NONE,short_or_statement,NO,NO,READ
శుభ సాయంత్రం,GREETING,Telugu,clean_seed_or_one_step_variant,needs_native_review,test,none,STUDENT,PARENT|PRINCIPAL|STUDENT|TEACHER,NO,NONE,short_or_statement,NO,NO,READ
సెలవు కోసం ఎలా దరఖాస్తు చేయాలి?,LEAVE,Telugu,clean_seed_or_one_step_variant,needs_native_review,train,leave_service,PARENT,PARENT|STUDENT,YES,NONE,short,YES,YES,ACTION
పాఠశాల సెలవు విధానం ఏమిటి?,LEAVE,Telugu,clean_seed_or_one_step_variant,needs_native_review,test,leave_service,PARENT,PARENT|STUDENT,YES,NONE,short,YES,YES,ACTION
రాహుల్‌కు రేపు సెలవు కోరవచ్చా?,LEAVE,Telugu,clean_seed_or_one_step_variant,needs_native_review,train,leave_service,PARENT,PARENT|STUDENT,YES,NONE,short,YES,YES,ACTION
నాకు ఎన్ని సెలవు రోజులు ఉన్నాయి?,LEAVE,Telugu,clean_seed_or_one_step_variant,needs_native_review,train,leave_service,PARENT,PARENT|STUDENT,YES,NONE,short,YES,YES,ACTION
నాకు సెలవు కోసం దరఖాస్తు చేయాలి.,LEAVE,Telugu,clean_seed_or_one_step_variant,needs_native_review,validation,leave_service,PARENT,PARENT|STUDENT,YES,NONE,short_or_statement,YES,YES,ACTION
రాహుల్‌ను ఈరోజు గైర్హాజరుగా నమోదు చేయండి.,MARK_ATTENDANCE,Telugu,clean_seed_or_one_step_variant,needs_native_review,train,mark_attendance,TEACHER,TEACHER,YES,ATTENDANCE_CONTEXT,short_or_statement,YES,YES,ACTION
"రాహుల్ ఈరోజు క్లాస్‌కు రాలేదు, అతన్ని గైర్హాజరుగా నమోదు చేయండి.",MARK_ATTENDANCE,Telugu,clean_seed_or_one_step_variant,needs_native_review,train,mark_attendance,TEACHER,TEACHER,YES,ATTENDANCE_CONTEXT,short_or_statement,YES,YES,ACTION
దయచేసి రాహుల్ గైర్హాజరును నమోదు చేయండి.,MARK_ATTENDANCE,Telugu,clean_seed_or_one_step_variant,needs_native_review,test,mark_attendance,TEACHER,TEACHER,YES,ATTENDANCE_CONTEXT,short_or_statement,YES,YES,ACTION
ఈరోజు రాహుల్ అటెండెన్స్‌ను గైర్హాజరుగా మార్చండి.,MARK_ATTENDANCE,Telugu,clean_seed_or_one_step_variant,needs_native_review,train,mark_attendance,TEACHER,TEACHER,YES,ATTENDANCE_CONTEXT,short_or_statement,YES,YES,ACTION
ఈ విద్యార్థిని హాజరైనట్లు నమోదు చేయండి.,MARK_ATTENDANCE,Telugu,clean_seed_or_one_step_variant,needs_native_review,validation,mark_attendance,TEACHER,TEACHER,YES,ATTENDANCE_CONTEXT,short_or_statement,YES,YES,ACTION
నా కోసం ముంబైకి ఫ్లైట్ బుక్ చేయండి.,OUT_OF_SCOPE,Telugu,clean_seed_or_one_step_variant,needs_native_review,train,blocked,STUDENT,PARENT|PRINCIPAL|STUDENT|TEACHER,NO,NONE,short_or_statement,NO,NO,BLOCK
ఆపిల్ షేర్ ధర ఎంత?,OUT_OF_SCOPE,Telugu,clean_seed_or_one_step_variant,needs_native_review,test,blocked,STUDENT,PARENT|PRINCIPAL|STUDENT|TEACHER,NO,NONE,short,NO,NO,BLOCK
నా కాలేజీ అసైన్‌మెంట్ రాయండి.,OUT_OF_SCOPE,Telugu,clean_seed_or_one_step_variant,needs_native_review,validation,blocked,STUDENT,PARENT|PRINCIPAL|STUDENT|TEACHER,NO,NONE,short_or_statement,NO,NO,BLOCK
నాకు ఒక జోక్ చెప్పండి.,OUT_OF_SCOPE,Telugu,clean_seed_or_one_step_variant,needs_native_review,train,blocked,STUDENT,PARENT|PRINCIPAL|STUDENT|TEACHER,NO,NONE,short_or_statement,NO,NO,BLOCK
మార్స్ మీద వాతావరణం ఎలా ఉంది?,OUT_OF_SCOPE,Telugu,clean_seed_or_one_step_variant,needs_native_review,train,blocked,STUDENT,PARENT|PRINCIPAL|STUDENT|TEACHER,NO,NONE,short,NO,NO,BLOCK
నా హాజరు ఎంత ఉంది?,OWN_ATTENDANCE,Telugu,clean_seed_or_one_step_variant,needs_native_review,train,get_my_attendance,STUDENT,PARENT|PRINCIPAL|STUDENT|TEACHER,YES,ATTENDANCE_CONTEXT,short,YES,NO,READ
నా అటెండెన్స్ శాతం ఎంత?,OWN_ATTENDANCE,Telugu,clean_seed_or_one_step_variant,needs_native_review,test,get_my_attendance,STUDENT,PARENT|PRINCIPAL|STUDENT|TEACHER,YES,ATTENDANCE_CONTEXT,short,YES,NO,READ
నా హాజరును చెక్ చేయగలరా?,OWN_ATTENDANCE,Telugu,clean_seed_or_one_step_variant,needs_native_review,train,get_my_attendance,STUDENT,PARENT|PRINCIPAL|STUDENT|TEACHER,YES,ATTENDANCE_CONTEXT,short,YES,NO,READ
నేను ఎన్ని తరగతులకు హాజరయ్యాను?,OWN_ATTENDANCE,Telugu,clean_seed_or_one_step_variant,needs_native_review,train,get_my_attendance,STUDENT,PARENT|PRINCIPAL|STUDENT|TEACHER,YES,ATTENDANCE_CONTEXT,short,YES,NO,READ
ఈ టర్మ్‌లో నా హాజరు ఎంత ఉంది?,OWN_ATTENDANCE,Telugu,clean_seed_or_one_step_variant,needs_native_review,validation,get_my_attendance,STUDENT,PARENT|PRINCIPAL|STUDENT|TEACHER,YES,ATTENDANCE_CONTEXT,natural_query,YES,NO,READ
మొత్తం పాఠశాల హాజరు ఎంత ఉంది?,SCHOOL_ANALYTICS,Telugu,clean_seed_or_one_step_variant,needs_native_review,train,get_school_analytics,PRINCIPAL,PRINCIPAL,YES,ATTENDANCE_CONTEXT,short,YES,NO,READ
పాఠశాల మొత్తం అటెండెన్స్ ఎలా ఉంది?,SCHOOL_ANALYTICS,Telugu,clean_seed_or_one_step_variant,needs_native_review,train,get_school_analytics,PRINCIPAL,PRINCIPAL,YES,ATTENDANCE_CONTEXT,short,YES,NO,READ
ఏ తరగతిలో హాజరు తక్కువగా ఉంది?,SCHOOL_ANALYTICS,Telugu,clean_seed_or_one_step_variant,needs_native_review,test,get_school_analytics,PRINCIPAL,PRINCIPAL,YES,ATTENDANCE_CONTEXT,short,YES,NO,READ
స్కూల్ అటెండెన్స్ విశ్లేషణను చూపించండి.,SCHOOL_ANALYTICS,Telugu,clean_seed_or_one_step_variant,needs_native_review,validation,get_school_analytics,PRINCIPAL,PRINCIPAL,YES,ATTENDANCE_CONTEXT,short_or_statement,YES,NO,READ
పాఠశాల మొత్తం హాజరు ట్రెండ్‌ను చూపించండి.,SCHOOL_ANALYTICS,Telugu,clean_seed_or_one_step_variant,needs_native_review,train,get_school_analytics,PRINCIPAL,PRINCIPAL,YES,ATTENDANCE_CONTEXT,short_or_statement,YES,NO,READ
రాహుల్ రేపటి టైమ్‌టేబుల్ ఏమిటి?,TIMETABLE,Telugu,clean_seed_or_one_step_variant,needs_native_review,train,get_timetable,STUDENT,PARENT|STUDENT|TEACHER,YES,NONE,short,YES,NO,READ
రేపు నాకు ఏ క్లాసులు ఉన్నాయి?,TIMETABLE,Telugu,clean_seed_or_one_step_variant,needs_native_review,train,get_timetable,STUDENT,PARENT|STUDENT|TEACHER,YES,NONE,short,YES,NO,READ
నా టైమ్‌టేబుల్ చూపించండి.,TIMETABLE,Telugu,clean_seed_or_one_step_variant,needs_native_review,validation,get_timetable,STUDENT,PARENT|STUDENT|TEACHER,YES,NONE,short_or_statement,YES,NO,READ
తదుపరి మ్యాథ్స్ క్లాస్ ఎప్పుడు ఉంది?,TIMETABLE,Telugu,clean_seed_or_one_step_variant,needs_native_review,test,get_timetable,STUDENT,PARENT|STUDENT|TEACHER,YES,NONE,short,YES,NO,READ
మూడో పీరియడ్‌లో ఏ సబ్జెక్ట్ ఉంది?,TIMETABLE,Telugu,clean_seed_or_one_step_variant,needs_native_review,train,get_timetable,STUDENT,PARENT|STUDENT|TEACHER,YES,NONE,short,YES,NO,READ
راہل کی تعلیمی کارکردگی کیسی ہے؟,ACADEMIC_PERFORMANCE,Urdu,clean_seed_or_one_step_variant,needs_native_review,train,get_academic_performance,STUDENT,PARENT|STUDENT|TEACHER,YES,NONE,natural_query,YES,NO,READ
براہ کرم راہل کی تعلیمی کارکردگی کیسی ہے؟,ACADEMIC_PERFORMANCE,Urdu,clean_seed_or_one_step_variant,needs_native_review,train,get_academic_performance,STUDENT,PARENT|STUDENT|TEACHER,YES,NONE,natural_query,YES,NO,READ
براہ کرم براہ کرم راہل کی تعلیمی کارکردگی کیسی ہے؟,ACADEMIC_PERFORMANCE,Urdu,clean_seed_or_one_step_variant,needs_native_review,test,get_academic_performance,STUDENT,PARENT|STUDENT|TEACHER,YES,NONE,natural_query,YES,NO,READ
براہ کرم براہ کرم براہ کرم راہل کی تعلیمی کارکردگی کیسی ہے؟,ACADEMIC_PERFORMANCE,Urdu,clean_seed_or_one_step_variant,needs_native_review,validation,get_academic_performance,STUDENT,PARENT|STUDENT|TEACHER,YES,NONE,natural_query,YES,NO,READ
براہ کرم براہ کرم براہ کرم براہ کرم راہل کی تعلیمی کارکردگی کیسی ہے؟,ACADEMIC_PERFORMANCE,Urdu,clean_seed_or_one_step_variant,needs_native_review,train,get_academic_performance,STUDENT,PARENT|STUDENT|TEACHER,YES,NONE,natural_query,YES,NO,READ
اسکول کی حالیہ اعلانات دکھائیں۔,ANNOUNCEMENT,Urdu,clean_seed_or_one_step_variant,needs_native_review,train,get_announcements,PARENT,PARENT|PRINCIPAL|STUDENT|TEACHER,YES,NONE,short,YES,NO,READ
براہ کرم اسکول کی حالیہ اعلانات دکھائیں۔,ANNOUNCEMENT,Urdu,clean_seed_or_one_step_variant,needs_native_review,validation,get_announcements,PARENT,PARENT|PRINCIPAL|STUDENT|TEACHER,YES,NONE,natural_query,YES,NO,READ
براہ کرم براہ کرم اسکول کی حالیہ اعلانات دکھائیں۔,ANNOUNCEMENT,Urdu,clean_seed_or_one_step_variant,needs_native_review,train,get_announcements,PARENT,PARENT|PRINCIPAL|STUDENT|TEACHER,YES,NONE,natural_query,YES,NO,READ
براہ کرم براہ کرم براہ کرم اسکول کی حالیہ اعلانات دکھائیں۔,ANNOUNCEMENT,Urdu,clean_seed_or_one_step_variant,needs_native_review,test,get_announcements,PARENT,PARENT|PRINCIPAL|STUDENT|TEACHER,YES,NONE,natural_query,YES,NO,READ
براہ کرم براہ کرم براہ کرم براہ کرم اسکول کی حالیہ اعلانات دکھائیں۔,ANNOUNCEMENT,Urdu,clean_seed_or_one_step_variant,needs_native_review,train,get_announcements,PARENT,PARENT|PRINCIPAL|STUDENT|TEACHER,YES,NONE,natural_query,YES,NO,READ
کیا راہل نے اپنا اسائنمنٹ جمع کرایا ہے؟,ASSIGNMENT,Urdu,clean_seed_or_one_step_variant,needs_native_review,validation,get_assignments,STUDENT,PARENT|STUDENT|TEACHER,YES,NONE,natural_query,YES,NO,READ
براہ کرم کیا راہل نے اپنا اسائنمنٹ جمع کرایا ہے؟,ASSIGNMENT,Urdu,clean_seed_or_one_step_variant,needs_native_review,train,get_assignments,STUDENT,PARENT|STUDENT|TEACHER,YES,NONE,natural_query,YES,NO,READ
براہ کرم براہ کرم کیا راہل نے اپنا اسائنمنٹ جمع کرایا ہے؟,ASSIGNMENT,Urdu,clean_seed_or_one_step_variant,needs_native_review,train,get_assignments,STUDENT,PARENT|STUDENT|TEACHER,YES,NONE,natural_query,YES,NO,READ
براہ کرم براہ کرم براہ کرم کیا راہل نے اپنا اسائنمنٹ جمع کرایا ہے؟,ASSIGNMENT,Urdu,clean_seed_or_one_step_variant,needs_native_review,train,get_assignments,STUDENT,PARENT|STUDENT|TEACHER,YES,NONE,natural_query,YES,NO,READ
براہ کرم براہ کرم براہ کرم براہ کرم کیا راہل نے اپنا اسائنمنٹ جمع کرایا ہے؟,ASSIGNMENT,Urdu,clean_seed_or_one_step_variant,needs_native_review,test,get_assignments,STUDENT,PARENT|STUDENT|TEACHER,YES,NONE,natural_query,YES,NO,READ
پچھلے مہینے راہل کی حاضری کتنی تھی؟,ATTENDANCE_HISTORY,Urdu,clean_seed_or_one_step_variant,needs_native_review,validation,get_attendance_history,STUDENT,PARENT|PRINCIPAL|STUDENT|TEACHER,YES,ATTENDANCE_CONTEXT,natural_query,YES,NO,READ
براہ کرم پچھلے مہینے راہل کی حاضری کتنی تھی؟,ATTENDANCE_HISTORY,Urdu,clean_seed_or_one_step_variant,needs_native_review,train,get_attendance_history,STUDENT,PARENT|PRINCIPAL|STUDENT|TEACHER,YES,ATTENDANCE_CONTEXT,natural_query,YES,NO,READ
براہ کرم براہ کرم پچھلے مہینے راہل کی حاضری کتنی تھی؟,ATTENDANCE_HISTORY,Urdu,clean_seed_or_one_step_variant,needs_native_review,train,get_attendance_history,STUDENT,PARENT|PRINCIPAL|STUDENT|TEACHER,YES,ATTENDANCE_CONTEXT,natural_query,YES,NO,READ
براہ کرم براہ کرم براہ کرم پچھلے مہینے راہل کی حاضری کتنی تھی؟,ATTENDANCE_HISTORY,Urdu,clean_seed_or_one_step_variant,needs_native_review,train,get_attendance_history,STUDENT,PARENT|PRINCIPAL|STUDENT|TEACHER,YES,ATTENDANCE_CONTEXT,natural_query,YES,NO,READ
براہ کرم براہ کرم براہ کرم براہ کرم پچھلے مہینے راہل کی حاضری کتنی تھی؟,ATTENDANCE_HISTORY,Urdu,clean_seed_or_one_step_variant,needs_native_review,test,get_attendance_history,STUDENT,PARENT|PRINCIPAL|STUDENT|TEACHER,YES,ATTENDANCE_CONTEXT,natural_query,YES,NO,READ
میرے بچے کی حاضری کتنی ہے؟,CHILD_ATTENDANCE,Urdu,clean_seed_or_one_step_variant,needs_native_review,validation,get_child_attendance,PARENT,PARENT|PRINCIPAL|TEACHER,YES,ATTENDANCE_CONTEXT,natural_query,YES,NO,READ
کیا آپ راہل کی حاضری چیک کر سکتے ہیں؟,CHILD_ATTENDANCE,Urdu,clean_seed_or_one_step_variant,needs_native_review,train,get_child_attendance,PARENT,PARENT|PRINCIPAL|TEACHER,YES,ATTENDANCE_CONTEXT,natural_query,YES,NO,READ
میرے بیٹے کی حاضری کیسی ہے؟,CHILD_ATTENDANCE,Urdu,clean_seed_or_one_step_variant,needs_native_review,train,get_child_attendance,PARENT,PARENT|PRINCIPAL|TEACHER,YES,ATTENDANCE_CONTEXT,natural_query,YES,NO,READ
براہ کرم میرے بچے کی حاضری کتنی ہے؟,CHILD_ATTENDANCE,Urdu,clean_seed_or_one_step_variant,needs_native_review,test,get_child_attendance,PARENT,PARENT|PRINCIPAL|TEACHER,YES,ATTENDANCE_CONTEXT,natural_query,YES,NO,READ
براہ کرم کیا آپ راہل کی حاضری چیک کر سکتے ہیں؟,CHILD_ATTENDANCE,Urdu,clean_seed_or_one_step_variant,needs_native_review,train,get_child_attendance,PARENT,PARENT|PRINCIPAL|TEACHER,YES,ATTENDANCE_CONTEXT,natural_query,YES,NO,READ
میں اپنے بچے کے استاد سے بات کرنا چاہتا ہوں۔,ESCALATION,Urdu,clean_seed_or_one_step_variant,needs_native_review,test,create_escalation_request,PARENT,PARENT|PRINCIPAL|STUDENT|TEACHER,YES,NONE,natural_query,YES,YES,ACTION
مجھے استاد سے جوڑ دیں۔,ESCALATION,Urdu,clean_seed_or_one_step_variant,needs_native_review,train,create_escalation_request,PARENT,PARENT|PRINCIPAL|STUDENT|TEACHER,YES,NONE,short,YES,YES,ACTION
مجھے اسکول انتظامیہ سے رابطہ کرنا ہے۔,ESCALATION,Urdu,clean_seed_or_one_step_variant,needs_native_review,train,create_escalation_request,PARENT,PARENT|PRINCIPAL|STUDENT|TEACHER,YES,NONE,natural_query,YES,YES,ACTION
براہ کرم میں اپنے بچے کے استاد سے بات کرنا چاہتا ہوں۔,ESCALATION,Urdu,clean_seed_or_one_step_variant,needs_native_review,train,create_escalation_request,PARENT,PARENT|PRINCIPAL|STUDENT|TEACHER,YES,NONE,natural_query,YES,YES,ACTION
براہ کرم مجھے استاد سے جوڑ دیں۔,ESCALATION,Urdu,clean_seed_or_one_step_variant,needs_native_review,validation,create_escalation_request,PARENT,PARENT|PRINCIPAL|STUDENT|TEACHER,YES,NONE,natural_query,YES,YES,ACTION
میرا ریاضی کا امتحان کب ہے؟,EXAM,Urdu,clean_seed_or_one_step_variant,needs_native_review,test,get_exams,STUDENT,PARENT|STUDENT|TEACHER,YES,NONE,natural_query,YES,NO,READ
آنے والے امتحانات کون سے ہیں؟,EXAM,Urdu,clean_seed_or_one_step_variant,needs_native_review,train,get_exams,STUDENT,PARENT|STUDENT|TEACHER,YES,NONE,natural_query,YES,NO,READ
امتحان کا شیڈول بتائیں۔,EXAM,Urdu,clean_seed_or_one_step_variant,needs_native_review,validation,get_exams,STUDENT,PARENT|STUDENT|TEACHER,YES,NONE,short,YES,NO,READ
براہ کرم میرا ریاضی کا امتحان کب ہے؟,EXAM,Urdu,clean_seed_or_one_step_variant,needs_native_review,train,get_exams,STUDENT,PARENT|STUDENT|TEACHER,YES,NONE,natural_query,YES,NO,READ
براہ کرم آنے والے امتحانات کون سے ہیں؟,EXAM,Urdu,clean_seed_or_one_step_variant,needs_native_review,train,get_exams,STUDENT,PARENT|STUDENT|TEACHER,YES,NONE,natural_query,YES,NO,READ
میرے بچے کی فیس کی صورتحال دکھائیں۔,FEES,Urdu,clean_seed_or_one_step_variant,needs_native_review,train,get_fees,PARENT,PARENT|PRINCIPAL|STUDENT,YES,NONE,natural_query,YES,NO,READ
براہ کرم میرے بچے کی فیس کی صورتحال دکھائیں۔,FEES,Urdu,clean_seed_or_one_step_variant,needs_native_review,test,get_fees,PARENT,PARENT|PRINCIPAL|STUDENT,YES,NONE,natural_query,YES,NO,READ
براہ کرم براہ کرم میرے بچے کی فیس کی صورتحال دکھائیں۔,FEES,Urdu,clean_seed_or_one_step_variant,needs_native_review,train,get_fees,PARENT,PARENT|PRINCIPAL|STUDENT,YES,NONE,natural_query,YES,NO,READ
براہ کرم براہ کرم براہ کرم میرے بچے کی فیس کی صورتحال دکھائیں۔,FEES,Urdu,clean_seed_or_one_step_variant,needs_native_review,train,get_fees,PARENT,PARENT|PRINCIPAL|STUDENT,YES,NONE,natural_query,YES,NO,READ
براہ کرم براہ کرم براہ کرم براہ کرم میرے بچے کی فیس کی صورتحال دکھائیں۔,FEES,Urdu,clean_seed_or_one_step_variant,needs_native_review,validation,get_fees,PARENT,PARENT|PRINCIPAL|STUDENT,YES,NONE,natural_query,YES,NO,READ
آپ میری کیسے مدد کر سکتے ہیں؟,GENERAL_HELP,Urdu,clean_seed_or_one_step_variant,needs_native_review,train,none,STUDENT,PARENT|PRINCIPAL|STUDENT|TEACHER,NO,NONE,natural_query,NO,NO,READ
براہ کرم آپ میری کیسے مدد کر سکتے ہیں؟,GENERAL_HELP,Urdu,clean_seed_or_one_step_variant,needs_native_review,validation,none,STUDENT,PARENT|PRINCIPAL|STUDENT|TEACHER,NO,NONE,natural_query,NO,NO,READ
براہ کرم براہ کرم آپ میری کیسے مدد کر سکتے ہیں؟,GENERAL_HELP,Urdu,clean_seed_or_one_step_variant,needs_native_review,train,none,STUDENT,PARENT|PRINCIPAL|STUDENT|TEACHER,NO,NONE,natural_query,NO,NO,READ
براہ کرم براہ کرم براہ کرم آپ میری کیسے مدد کر سکتے ہیں؟,GENERAL_HELP,Urdu,clean_seed_or_one_step_variant,needs_native_review,train,none,STUDENT,PARENT|PRINCIPAL|STUDENT|TEACHER,NO,NONE,natural_query,NO,NO,READ
براہ کرم براہ کرم براہ کرم براہ کرم آپ میری کیسے مدد کر سکتے ہیں؟,GENERAL_HELP,Urdu,clean_seed_or_one_step_variant,needs_native_review,test,none,STUDENT,PARENT|PRINCIPAL|STUDENT|TEACHER,NO,NONE,natural_query,NO,NO,READ
السلام علیکم,GREETING,Urdu,clean_seed_or_one_step_variant,needs_native_review,train,none,STUDENT,PARENT|PRINCIPAL|STUDENT|TEACHER,NO,NONE,short,NO,NO,READ
براہ کرم السلام علیکم,GREETING,Urdu,clean_seed_or_one_step_variant,needs_native_review,test,none,STUDENT,PARENT|PRINCIPAL|STUDENT|TEACHER,NO,NONE,short,NO,NO,READ
براہ کرم براہ کرم السلام علیکم,GREETING,Urdu,clean_seed_or_one_step_variant,needs_native_review,train,none,STUDENT,PARENT|PRINCIPAL|STUDENT|TEACHER,NO,NONE,natural_query,NO,NO,READ
براہ کرم براہ کرم براہ کرم السلام علیکم,GREETING,Urdu,clean_seed_or_one_step_variant,needs_native_review,validation,none,STUDENT,PARENT|PRINCIPAL|STUDENT|TEACHER,NO,NONE,natural_query,NO,NO,READ
براہ کرم براہ کرم براہ کرم براہ کرم السلام علیکم,GREETING,Urdu,clean_seed_or_one_step_variant,needs_native_review,train,none,STUDENT,PARENT|PRINCIPAL|STUDENT|TEACHER,NO,NONE,natural_query,NO,NO,READ
کیا میں راہل کے لیے کل چھٹی مانگ سکتا ہوں؟,LEAVE,Urdu,clean_seed_or_one_step_variant,needs_native_review,train,leave_service,PARENT,PARENT|STUDENT,YES,NONE,natural_query,YES,YES,ACTION
براہ کرم کیا میں راہل کے لیے کل چھٹی مانگ سکتا ہوں؟,LEAVE,Urdu,clean_seed_or_one_step_variant,needs_native_review,validation,leave_service,PARENT,PARENT|STUDENT,YES,NONE,natural_query,YES,YES,ACTION
براہ کرم براہ کرم کیا میں راہل کے لیے کل چھٹی مانگ سکتا ہوں؟,LEAVE,Urdu,clean_seed_or_one_step_variant,needs_native_review,test,leave_service,PARENT,PARENT|STUDENT,YES,NONE,natural_query,YES,YES,ACTION
براہ کرم براہ کرم براہ کرم کیا میں راہل کے لیے کل چھٹی مانگ سکتا ہوں؟,LEAVE,Urdu,clean_seed_or_one_step_variant,needs_native_review,train,leave_service,PARENT,PARENT|STUDENT,YES,NONE,natural_query,YES,YES,ACTION
براہ کرم براہ کرم براہ کرم براہ کرم کیا میں راہل کے لیے کل چھٹی مانگ سکتا ہوں؟,LEAVE,Urdu,clean_seed_or_one_step_variant,needs_native_review,train,leave_service,PARENT,PARENT|STUDENT,YES,NONE,natural_query,YES,YES,ACTION
راہل کو آج غیر حاضر درج کریں۔,MARK_ATTENDANCE,Urdu,clean_seed_or_one_step_variant,needs_native_review,train,mark_attendance,TEACHER,TEACHER,YES,ATTENDANCE_CONTEXT,natural_query,YES,YES,ACTION
براہ کرم راہل کو آج غیر حاضر درج کریں۔,MARK_ATTENDANCE,Urdu,clean_seed_or_one_step_variant,needs_native_review,validation,mark_attendance,TEACHER,TEACHER,YES,ATTENDANCE_CONTEXT,natural_query,YES,YES,ACTION
براہ کرم براہ کرم راہل کو آج غیر حاضر درج کریں۔,MARK_ATTENDANCE,Urdu,clean_seed_or_one_step_variant,needs_native_review,train,mark_attendance,TEACHER,TEACHER,YES,ATTENDANCE_CONTEXT,natural_query,YES,YES,ACTION
براہ کرم براہ کرم براہ کرم راہل کو آج غیر حاضر درج کریں۔,MARK_ATTENDANCE,Urdu,clean_seed_or_one_step_variant,needs_native_review,test,mark_attendance,TEACHER,TEACHER,YES,ATTENDANCE_CONTEXT,natural_query,YES,YES,ACTION
براہ کرم براہ کرم براہ کرم براہ کرم راہل کو آج غیر حاضر درج کریں۔,MARK_ATTENDANCE,Urdu,clean_seed_or_one_step_variant,needs_native_review,train,mark_attendance,TEACHER,TEACHER,YES,ATTENDANCE_CONTEXT,natural_query,YES,YES,ACTION
میرا کالج اسائنمنٹ لکھیں۔,OUT_OF_SCOPE,Urdu,clean_seed_or_one_step_variant,needs_native_review,test,blocked,STUDENT,PARENT|PRINCIPAL|STUDENT|TEACHER,NO,NONE,short,NO,NO,BLOCK
براہ کرم میرا کالج اسائنمنٹ لکھیں۔,OUT_OF_SCOPE,Urdu,clean_seed_or_one_step_variant,needs_native_review,train,blocked,STUDENT,PARENT|PRINCIPAL|STUDENT|TEACHER,NO,NONE,natural_query,NO,NO,BLOCK
براہ کرم براہ کرم میرا کالج اسائنمنٹ لکھیں۔,OUT_OF_SCOPE,Urdu,clean_seed_or_one_step_variant,needs_native_review,train,blocked,STUDENT,PARENT|PRINCIPAL|STUDENT|TEACHER,NO,NONE,natural_query,NO,NO,BLOCK
براہ کرم براہ کرم براہ کرم میرا کالج اسائنمنٹ لکھیں۔,OUT_OF_SCOPE,Urdu,clean_seed_or_one_step_variant,needs_native_review,train,blocked,STUDENT,PARENT|PRINCIPAL|STUDENT|TEACHER,NO,NONE,natural_query,NO,NO,BLOCK
براہ کرم براہ کرم براہ کرم براہ کرم میرا کالج اسائنمنٹ لکھیں۔,OUT_OF_SCOPE,Urdu,clean_seed_or_one_step_variant,needs_native_review,validation,blocked,STUDENT,PARENT|PRINCIPAL|STUDENT|TEACHER,NO,NONE,natural_query,NO,NO,BLOCK
میری حاضری کتنی ہے؟,OWN_ATTENDANCE,Urdu,clean_seed_or_one_step_variant,needs_native_review,train,get_my_attendance,STUDENT,PARENT|PRINCIPAL|STUDENT|TEACHER,YES,ATTENDANCE_CONTEXT,short,YES,NO,READ
میری حاضری کتنے فیصد ہے؟,OWN_ATTENDANCE,Urdu,clean_seed_or_one_step_variant,needs_native_review,train,get_my_attendance,STUDENT,PARENT|PRINCIPAL|STUDENT|TEACHER,YES,ATTENDANCE_CONTEXT,short,YES,NO,READ
کیا آپ میری حاضری چیک کر سکتے ہیں؟,OWN_ATTENDANCE,Urdu,clean_seed_or_one_step_variant,needs_native_review,test,get_my_attendance,STUDENT,PARENT|PRINCIPAL|STUDENT|TEACHER,YES,ATTENDANCE_CONTEXT,natural_query,YES,NO,READ
براہ کرم میری حاضری کتنی ہے؟,OWN_ATTENDANCE,Urdu,clean_seed_or_one_step_variant,needs_native_review,validation,get_my_attendance,STUDENT,PARENT|PRINCIPAL|STUDENT|TEACHER,YES,ATTENDANCE_CONTEXT,natural_query,YES,NO,READ
براہ کرم میری حاضری کتنے فیصد ہے؟,OWN_ATTENDANCE,Urdu,clean_seed_or_one_step_variant,needs_native_review,train,get_my_attendance,STUDENT,PARENT|PRINCIPAL|STUDENT|TEACHER,YES,ATTENDANCE_CONTEXT,natural_query,YES,NO,READ
پورے اسکول کی حاضری کی رپورٹ دکھائیں۔,SCHOOL_ANALYTICS,Urdu,clean_seed_or_one_step_variant,needs_native_review,train,get_school_analytics,PRINCIPAL,PRINCIPAL,YES,ATTENDANCE_CONTEXT,natural_query,YES,NO,READ
براہ کرم پورے اسکول کی حاضری کی رپورٹ دکھائیں۔,SCHOOL_ANALYTICS,Urdu,clean_seed_or_one_step_variant,needs_native_review,validation,get_school_analytics,PRINCIPAL,PRINCIPAL,YES,ATTENDANCE_CONTEXT,natural_query,YES,NO,READ
براہ کرم براہ کرم پورے اسکول کی حاضری کی رپورٹ دکھائیں۔,SCHOOL_ANALYTICS,Urdu,clean_seed_or_one_step_variant,needs_native_review,train,get_school_analytics,PRINCIPAL,PRINCIPAL,YES,ATTENDANCE_CONTEXT,natural_query,YES,NO,READ
براہ کرم براہ کرم براہ کرم پورے اسکول کی حاضری کی رپورٹ دکھائیں۔,SCHOOL_ANALYTICS,Urdu,clean_seed_or_one_step_variant,needs_native_review,test,get_school_analytics,PRINCIPAL,PRINCIPAL,YES,ATTENDANCE_CONTEXT,natural_query,YES,NO,READ
براہ کرم براہ کرم براہ کرم براہ کرم پورے اسکول کی حاضری کی رپورٹ دکھائیں۔,SCHOOL_ANALYTICS,Urdu,clean_seed_or_one_step_variant,needs_native_review,train,get_school_analytics,PRINCIPAL,PRINCIPAL,YES,ATTENDANCE_CONTEXT,natural_query,YES,NO,READ
کل راہل کا ٹائم ٹیبل کیا ہے؟,TIMETABLE,Urdu,clean_seed_or_one_step_variant,needs_native_review,test,get_timetable,STUDENT,PARENT|STUDENT|TEACHER,YES,NONE,natural_query,YES,NO,READ
کل میری کون سی کلاسیں ہیں؟,TIMETABLE,Urdu,clean_seed_or_one_step_variant,needs_native_review,train,get_timetable,STUDENT,PARENT|STUDENT|TEACHER,YES,NONE,natural_query,YES,NO,READ
میرا ٹائم ٹیبل دکھائیں۔,TIMETABLE,Urdu,clean_seed_or_one_step_variant,needs_native_review,train,get_timetable,STUDENT,PARENT|STUDENT|TEACHER,YES,NONE,short,YES,NO,READ
براہ کرم کل راہل کا ٹائم ٹیبل کیا ہے؟,TIMETABLE,Urdu,clean_seed_or_one_step_variant,needs_native_review,train,get_timetable,STUDENT,PARENT|STUDENT|TEACHER,YES,NONE,natural_query,YES,NO,READ
براہ کرم کل میری کون سی کلاسیں ہیں؟,TIMETABLE,Urdu,clean_seed_or_one_step_variant,needs_native_review,validation,get_timetable,STUDENT,PARENT|STUDENT|TEACHER,YES,NONE,natural_query,YES,NO,READ
